# This file uses centimeters as units for non-parametric coordinates.

mtllib incense.mtl
g default
v 0.045991 -4.029371 -0.023433
v 0.056997 -4.009754 -0.026983
v 0.061970 -4.009774 -0.011680
v 0.050981 -4.029371 -0.008075
v 0.036498 -4.029371 -0.036498
v 0.045869 -4.009754 -0.043275
v 0.055328 -4.009774 -0.030258
v 0.023433 -4.029371 -0.045991
v 0.030251 -4.009754 -0.055331
v 0.043269 -4.009774 -0.045875
v 0.008075 -4.029371 -0.050981
v 0.011672 -4.009754 -0.061971
v 0.026976 -4.009774 -0.057000
v -0.008075 -4.029371 -0.050981
v -0.008049 -4.009754 -0.062545
v 0.008041 -4.009774 -0.062546
v -0.023433 -4.029371 -0.045991
v -0.026983 -4.009754 -0.056997
v -0.011680 -4.009774 -0.061970
v -0.036498 -4.029371 -0.036498
v -0.043275 -4.009754 -0.045869
v -0.030258 -4.009774 -0.055328
v -0.045991 -4.029371 -0.023433
v -0.055331 -4.009754 -0.030251
v -0.045875 -4.009774 -0.043269
v -0.050981 -4.029371 -0.008075
v -0.061971 -4.009754 -0.011672
v -0.057000 -4.009774 -0.026976
v -0.050981 -4.029371 0.008075
v -0.062545 -4.009754 0.008049
v -0.062546 -4.009774 -0.008041
v -0.045991 -4.029371 0.023433
v -0.056997 -4.009754 0.026983
v -0.061970 -4.009774 0.011680
v -0.036498 -4.029371 0.036498
v -0.045869 -4.009754 0.043275
v -0.055328 -4.009774 0.030258
v -0.023433 -4.029371 0.045991
v -0.030251 -4.009754 0.055331
v -0.043269 -4.009774 0.045875
v -0.008075 -4.029371 0.050981
v -0.011672 -4.009754 0.061971
v -0.026976 -4.009774 0.057000
v 0.008075 -4.029371 0.050981
v 0.008049 -4.009754 0.062545
v -0.008041 -4.009774 0.062546
v 0.023433 -4.029371 0.045991
v 0.026983 -4.009754 0.056997
v 0.011680 -4.009774 0.061970
v 0.036498 -4.029371 0.036498
v 0.043275 -4.009754 0.045869
v 0.030258 -4.009774 0.055328
v 0.045991 -4.029371 0.023433
v 0.055331 -4.009754 0.030251
v 0.045875 -4.009774 0.043269
v 0.050981 -4.029371 0.008075
v 0.061971 -4.009754 0.011672
v 0.057000 -4.009774 0.026976
v 0.062545 -4.009754 -0.008049
v 0.062546 -4.009774 0.008041
v 0.050981 4.029371 -0.008075
v 0.061971 4.009754 -0.011672
v 0.057000 4.009774 -0.026976
v 0.045991 4.029371 -0.023433
v 0.055331 4.009754 -0.030251
v 0.045875 4.009774 -0.043269
v 0.036498 4.029371 -0.036498
v 0.043275 4.009754 -0.045869
v 0.030258 4.009774 -0.055328
v 0.023433 4.029371 -0.045991
v 0.026983 4.009754 -0.056997
v 0.011680 4.009774 -0.061970
v 0.008075 4.029371 -0.050981
v 0.008049 4.009754 -0.062545
v -0.008041 4.009774 -0.062546
v -0.008075 4.029371 -0.050981
v -0.011672 4.009754 -0.061971
v -0.026976 4.009774 -0.057000
v -0.023433 4.029371 -0.045991
v -0.030251 4.009754 -0.055331
v -0.043269 4.009774 -0.045875
v -0.036498 4.029371 -0.036498
v -0.045869 4.009754 -0.043275
v -0.055328 4.009774 -0.030258
v -0.045991 4.029371 -0.023433
v -0.056997 4.009754 -0.026983
v -0.061970 4.009774 -0.011680
v -0.050981 4.029371 -0.008075
v -0.062545 4.009754 -0.008049
v -0.062546 4.009774 0.008041
v -0.050981 4.029371 0.008075
v -0.061971 4.009754 0.011672
v -0.057000 4.009774 0.026976
v -0.045991 4.029371 0.023433
v -0.055331 4.009754 0.030251
v -0.045875 4.009774 0.043269
v -0.036498 4.029371 0.036498
v -0.043275 4.009754 0.045869
v -0.030258 4.009774 0.055328
v -0.023433 4.029371 0.045991
v -0.026983 4.009754 0.056997
v -0.011680 4.009774 0.061970
v -0.008075 4.029371 0.050981
v -0.008049 4.009754 0.062545
v 0.008041 4.009774 0.062546
v 0.008075 4.029371 0.050981
v 0.011672 4.009754 0.061971
v 0.026976 4.009774 0.057000
v 0.023433 4.029371 0.045991
v 0.030251 4.009754 0.055331
v 0.043269 4.009774 0.045875
v 0.036498 4.029371 0.036498
v 0.045869 4.009754 0.043275
v 0.055328 4.009774 0.030258
v 0.045991 4.029371 0.023433
v 0.056997 4.009754 0.026983
v 0.061970 4.009774 0.011680
v 0.050981 4.029371 0.008075
v 0.062545 4.009754 0.008049
v 0.062546 4.009774 -0.008041
v 0.050873 -4.029371 0.008057
v 0.045893 -4.029371 0.023384
v 0.036421 -4.029371 0.036421
v 0.023384 -4.029371 0.045893
v 0.008057 -4.029371 0.050873
v -0.008057 -4.029371 0.050873
v -0.023384 -4.029371 0.045893
v -0.036421 -4.029371 0.036421
v -0.045893 -4.029371 0.023384
v -0.050873 -4.029371 0.008057
v -0.050873 -4.029371 -0.008057
v -0.045893 -4.029371 -0.023384
v -0.036421 -4.029371 -0.036421
v -0.023384 -4.029371 -0.045893
v -0.008057 -4.029371 -0.050873
v 0.008057 -4.029371 -0.050873
v 0.023384 -4.029371 -0.045893
v 0.036421 -4.029371 -0.036421
v 0.045893 -4.029371 -0.023384
v 0.050873 -4.029371 -0.008057
v 0.050873 4.029371 -0.008057
v 0.045893 4.029371 -0.023384
v 0.036421 4.029371 -0.036421
v 0.023384 4.029371 -0.045893
v 0.008057 4.029371 -0.050873
v -0.008057 4.029371 -0.050873
v -0.023384 4.029371 -0.045893
v -0.036421 4.029371 -0.036421
v -0.045893 4.029371 -0.023384
v -0.050873 4.029371 -0.008057
v -0.050873 4.029371 0.008057
v -0.045893 4.029371 0.023384
v -0.036421 4.029371 0.036421
v -0.023384 4.029371 0.045893
v -0.008057 4.029371 0.050873
v 0.008057 4.029371 0.050873
v 0.023384 4.029371 0.045893
v 0.036421 4.029371 0.036421
v 0.045893 4.029371 0.023384
v 0.050873 4.029371 0.008057
vt 0.612599 0.098878
vt 0.381250 0.312500
vt 0.380102 0.313412
vt 0.375022 0.686844
vt 0.618750 0.312500
vt 0.619903 0.313412
vt 0.589359 0.066891
vt 0.612359 0.099000
vt 0.393750 0.312500
vt 0.392602 0.313412
vt 0.557372 0.043651
vt 0.589169 0.067081
vt 0.406250 0.312500
vt 0.405102 0.313412
vt 0.519769 0.031434
vt 0.557250 0.043891
vt 0.418750 0.312500
vt 0.417602 0.313412
vt 0.480231 0.031434
vt 0.519727 0.031699
vt 0.431250 0.312500
vt 0.430102 0.313412
vt 0.442628 0.043651
vt 0.480273 0.031699
vt 0.443750 0.312500
vt 0.442602 0.313412
vt 0.410641 0.066891
vt 0.442750 0.043891
vt 0.456250 0.312500
vt 0.455102 0.313412
vt 0.387402 0.098878
vt 0.410831 0.067081
vt 0.468750 0.312500
vt 0.467602 0.313412
vt 0.375184 0.136481
vt 0.387641 0.099000
vt 0.481250 0.312500
vt 0.480102 0.313412
vt 0.375184 0.176019
vt 0.375449 0.136523
vt 0.493750 0.312500
vt 0.492602 0.313412
vt 0.387402 0.213622
vt 0.375449 0.175977
vt 0.506250 0.312500
vt 0.505102 0.313412
vt 0.410641 0.245609
vt 0.387641 0.213500
vt 0.518750 0.312500
vt 0.517602 0.313412
vt 0.442628 0.268849
vt 0.410831 0.245419
vt 0.531250 0.312500
vt 0.530102 0.313412
vt 0.480231 0.281066
vt 0.442750 0.268609
vt 0.543750 0.312500
vt 0.542602 0.313412
vt 0.519769 0.281066
vt 0.480273 0.280801
vt 0.556250 0.312500
vt 0.555102 0.313412
vt 0.557372 0.268848
vt 0.519727 0.280801
vt 0.568750 0.312500
vt 0.567602 0.313412
vt 0.589359 0.245609
vt 0.557250 0.268609
vt 0.581250 0.312500
vt 0.580102 0.313412
vt 0.612598 0.213622
vt 0.589169 0.245419
vt 0.593750 0.312500
vt 0.592602 0.313412
vt 0.624816 0.176019
vt 0.612359 0.213500
vt 0.606250 0.312500
vt 0.605102 0.313412
vt 0.624551 0.175977
vt 0.624551 0.136523
vt 0.617602 0.313412
vt 0.624816 0.863519
vt 0.618750 0.687500
vt 0.617597 0.686588
vt 0.380097 0.686588
vt 0.382398 0.686587
vt 0.381250 0.687500
vt 0.612359 0.901000
vt 0.393750 0.687500
vt 0.392597 0.686588
vt 0.394898 0.686587
vt 0.589169 0.932919
vt 0.406250 0.687500
vt 0.405097 0.686588
vt 0.407398 0.686587
vt 0.557250 0.956109
vt 0.418750 0.687500
vt 0.417597 0.686588
vt 0.419898 0.686587
vt 0.519727 0.968301
vt 0.431250 0.687500
vt 0.430097 0.686588
vt 0.432398 0.686587
vt 0.480273 0.968301
vt 0.443750 0.687500
vt 0.442597 0.686588
vt 0.444898 0.686587
vt 0.442750 0.956109
vt 0.456250 0.687500
vt 0.455097 0.686588
vt 0.457398 0.686587
vt 0.410831 0.932919
vt 0.468750 0.687500
vt 0.467597 0.686588
vt 0.469898 0.686587
vt 0.387641 0.901000
vt 0.481250 0.687500
vt 0.480097 0.686588
vt 0.482398 0.686587
vt 0.375449 0.863477
vt 0.493750 0.687500
vt 0.492597 0.686588
vt 0.494898 0.686587
vt 0.375449 0.824023
vt 0.506250 0.687500
vt 0.505097 0.686588
vt 0.507398 0.686587
vt 0.387641 0.786500
vt 0.518750 0.687500
vt 0.517597 0.686588
vt 0.519898 0.686587
vt 0.410831 0.754581
vt 0.531250 0.687500
vt 0.530097 0.686588
vt 0.532398 0.686587
vt 0.442750 0.731391
vt 0.543750 0.687500
vt 0.542597 0.686588
vt 0.544898 0.686587
vt 0.480273 0.719199
vt 0.556250 0.687500
vt 0.555097 0.686588
vt 0.557398 0.686587
vt 0.519727 0.719199
vt 0.568750 0.687500
vt 0.567597 0.686588
vt 0.569898 0.686587
vt 0.557250 0.731391
vt 0.581250 0.687500
vt 0.580097 0.686588
vt 0.582398 0.686587
vt 0.589169 0.754581
vt 0.593750 0.687500
vt 0.592597 0.686588
vt 0.594898 0.686587
vt 0.612359 0.786500
vt 0.606250 0.687500
vt 0.605097 0.686588
vt 0.607398 0.686587
vt 0.624551 0.863477
vt 0.624551 0.824023
vt 0.382403 0.313412
vt 0.394903 0.313412
vt 0.407403 0.313412
vt 0.419903 0.313412
vt 0.432403 0.313412
vt 0.444903 0.313412
vt 0.457403 0.313412
vt 0.469903 0.313412
vt 0.482403 0.313412
vt 0.494903 0.313412
vt 0.507403 0.313412
vt 0.519903 0.313412
vt 0.532403 0.313412
vt 0.544903 0.313412
vt 0.557403 0.313412
vt 0.569903 0.313412
vt 0.582403 0.313412
vt 0.594903 0.313412
vt 0.607403 0.313412
vt 0.619898 0.686587
vt 0.624816 0.136481
vt 0.612599 0.901122
vt 0.589359 0.933109
vt 0.557372 0.956348
vt 0.519769 0.968566
vt 0.480231 0.968566
vt 0.442628 0.956349
vt 0.410641 0.933109
vt 0.387402 0.901122
vt 0.375184 0.863519
vt 0.375184 0.823981
vt 0.387402 0.786378
vt 0.410641 0.754391
vt 0.442628 0.731151
vt 0.480231 0.718934
vt 0.519769 0.718934
vt 0.557372 0.731151
vt 0.589359 0.754391
vt 0.612599 0.786378
vt 0.624816 0.823981
vt 0.375000 0.313157
vt 0.375000 0.312500
vt 0.387500 0.312500
vt 0.400000 0.312500
vt 0.412500 0.312500
vt 0.425000 0.312500
vt 0.437500 0.312500
vt 0.450000 0.312500
vt 0.462500 0.312500
vt 0.475000 0.312500
vt 0.487500 0.312500
vt 0.500000 0.312500
vt 0.512500 0.312500
vt 0.525000 0.312500
vt 0.537500 0.312500
vt 0.550000 0.312500
vt 0.562500 0.312500
vt 0.575000 0.312500
vt 0.587500 0.312500
vt 0.600000 0.312500
vt 0.612500 0.312500
vt 0.375000 0.687500
vt 0.387500 0.687500
vt 0.400000 0.687500
vt 0.412500 0.687500
vt 0.425000 0.687500
vt 0.437500 0.687500
vt 0.450000 0.687500
vt 0.462500 0.687500
vt 0.475000 0.687500
vt 0.487500 0.687500
vt 0.500000 0.687500
vt 0.512500 0.687500
vt 0.525000 0.687500
vt 0.537500 0.687500
vt 0.550000 0.687500
vt 0.562500 0.687500
vt 0.575000 0.687500
vt 0.587500 0.687500
vt 0.600000 0.687500
vt 0.612500 0.687500
vn 0.000000 -1.000000 0.000000
vn 0.000000 -1.000000 0.000000
vn 0.000000 -1.000000 -0.000001
vn 0.000000 -1.000000 -0.000001
vn 0.815233 -0.507981 -0.278121
vn 0.764908 -0.512621 -0.390046
vn 0.704092 -0.508021 -0.496154
vn 0.959659 0.000000 -0.281166
vn 0.941644 0.000000 -0.336609
vn 0.941646 0.000000 -0.336604
vn 0.959661 0.000000 -0.281161
vn 0.848001 -0.512619 -0.134594
vn 0.822948 -0.508016 -0.254315
vn 0.861276 -0.507981 -0.012593
vn 0.000000 -1.000000 0.000000
vn 0.000000 -1.000000 0.000000
vn 0.000000 -1.000000 -0.000001
vn 0.689392 -0.507984 -0.516421
vn 0.606938 -0.512623 -0.607325
vn 0.516301 -0.508016 -0.689459
vn 0.825805 -0.000000 -0.563956
vn 0.791539 -0.000000 -0.611119
vn 0.791542 -0.000000 -0.611115
vn 0.825808 -0.000000 -0.563952
vn 0.000000 -1.000000 0.000000
vn 0.000000 -1.000000 0.000000
vn 0.000000 -1.000000 -0.000001
vn 0.496063 -0.507983 -0.704184
vn 0.389551 -0.512617 -0.765163
vn 0.277975 -0.508010 -0.815264
vn 0.611115 0.000000 -0.791542
vn 0.563951 0.000000 -0.825808
vn 0.563956 0.000000 -0.825805
vn 0.611119 0.000000 -0.791539
vn 0.000000 -1.000000 0.000000
vn 0.000000 -1.000000 0.000000
vn 0.000000 -1.000000 -0.000001
vn 0.254174 -0.507974 -0.823017
vn 0.134038 -0.512618 -0.848090
vn 0.012445 -0.508020 -0.861255
vn 0.336604 -0.000000 -0.941646
vn 0.281161 -0.000000 -0.959660
vn 0.281167 -0.000000 -0.959659
vn 0.336610 -0.000000 -0.941644
vn 0.000000 -0.999998 -0.002191
vn 0.000000 -0.999998 -0.002191
vn 0.000000 -1.000000 -0.000001
vn -0.012587 -0.507985 -0.861274
vn -0.134595 -0.512619 -0.848001
vn -0.254305 -0.508011 -0.822954
vn 0.029145 -0.000000 -0.999575
vn -0.029151 -0.000000 -0.999575
vn -0.029145 -0.000000 -0.999575
vn 0.029151 -0.000000 -0.999575
vn 0.000000 -1.000000 0.000000
vn 0.000000 -1.000000 0.000000
vn 0.000000 -1.000000 -0.000001
vn -0.278118 -0.507977 -0.815236
vn -0.390052 -0.512615 -0.764909
vn -0.496164 -0.508014 -0.704090
vn -0.281167 0.000000 -0.959659
vn -0.336610 0.000000 -0.941644
vn -0.336605 0.000000 -0.941646
vn -0.281161 0.000000 -0.959661
vn 0.000000 -1.000000 0.000000
vn 0.000000 -1.000000 0.000000
vn 0.000000 -1.000000 -0.000001
vn -0.516426 -0.507979 -0.689392
vn -0.607329 -0.512616 -0.606940
vn -0.689454 -0.508014 -0.516309
vn -0.563957 -0.000000 -0.825804
vn -0.611119 -0.000000 -0.791539
vn -0.611115 -0.000000 -0.791542
vn -0.563952 -0.000000 -0.825808
vn 0.000000 -1.000000 0.000000
vn 0.000000 -1.000000 0.000000
vn 0.000000 -1.000000 -0.000001
vn -0.704184 -0.507980 -0.496065
vn -0.765158 -0.512618 -0.389558
vn -0.815259 -0.508017 -0.277976
vn -0.791542 -0.000000 -0.611114
vn -0.825808 -0.000000 -0.563951
vn -0.825805 -0.000000 -0.563956
vn -0.791539 -0.000000 -0.611119
vn 0.000000 -1.000000 0.000000
vn 0.000000 -1.000000 0.000000
vn 0.000000 -1.000000 -0.000001
vn -0.823011 -0.507981 -0.254181
vn -0.848089 -0.512619 -0.134042
vn -0.861257 -0.508017 -0.012448
vn -0.941646 -0.000000 -0.336604
vn -0.959660 -0.000000 -0.281161
vn -0.959659 -0.000000 -0.281167
vn -0.941644 -0.000000 -0.336610
vn 0.000000 -1.000000 0.000000
vn 0.000000 -1.000000 0.000000
vn 0.000000 -1.000000 -0.000001
vn -0.861276 -0.507982 0.012589
vn -0.848001 -0.512620 0.134594
vn -0.822949 -0.508016 0.254312
vn -0.999575 -0.000000 -0.029146
vn -0.999575 -0.000000 0.029151
vn -0.999575 -0.000000 0.029146
vn -0.999575 -0.000000 -0.029151
vn 0.000000 -1.000000 0.000000
vn 0.000000 -1.000000 0.000000
vn 0.000000 -1.000000 -0.000001
vn -0.815232 -0.507981 0.278121
vn -0.764907 -0.512621 0.390046
vn -0.704092 -0.508021 0.496154
vn -0.959659 0.000000 0.281167
vn -0.941644 0.000000 0.336610
vn -0.941646 0.000000 0.336604
vn -0.959661 0.000000 0.281161
vn 0.000000 -1.000000 0.000000
vn 0.000000 -1.000000 0.000000
vn 0.000000 -1.000000 -0.000001
vn -0.689393 -0.507984 0.516420
vn -0.606938 -0.512623 0.607325
vn -0.516301 -0.508016 0.689458
vn -0.825804 0.000000 0.563957
vn -0.791539 0.000000 0.611119
vn -0.791542 0.000000 0.611115
vn -0.825808 0.000000 0.563952
vn 0.000000 -1.000000 0.000000
vn 0.000000 -1.000000 0.000000
vn 0.000000 -1.000000 -0.000001
vn -0.496063 -0.507982 0.704184
vn -0.389550 -0.512617 0.765163
vn -0.277975 -0.508010 0.815264
vn -0.611114 0.000000 0.791542
vn -0.563952 0.000000 0.825808
vn -0.563957 0.000000 0.825804
vn -0.611119 0.000000 0.791539
vn 0.000000 -1.000000 0.000000
vn 0.000000 -1.000000 0.000000
vn 0.000000 -1.000000 -0.000001
vn -0.254175 -0.507975 0.823017
vn -0.134037 -0.512613 0.848093
vn -0.012444 -0.508012 0.861260
vn -0.336605 -0.000000 0.941646
vn -0.281161 -0.000000 0.959661
vn -0.281167 -0.000000 0.959659
vn -0.336610 -0.000000 0.941644
vn 0.000000 -0.999998 -0.002192
vn 0.000000 -0.999998 -0.002192
vn 0.000000 -1.000000 -0.000001
vn 0.012587 -0.507977 0.861279
vn 0.134594 -0.512614 0.848004
vn 0.254305 -0.508012 0.822954
vn -0.029145 0.000000 0.999575
vn 0.029151 -0.000000 0.999575
vn 0.029145 -0.000000 0.999575
vn -0.029151 0.000000 0.999575
vn 0.000000 -1.000000 0.000000
vn 0.000000 -1.000000 0.000000
vn 0.000000 -1.000000 -0.000001
vn 0.278118 -0.507977 0.815236
vn 0.390051 -0.512615 0.764909
vn 0.496164 -0.508014 0.704090
vn 0.281167 -0.000000 0.959659
vn 0.336610 -0.000000 0.941644
vn 0.336605 -0.000000 0.941646
vn 0.281161 -0.000000 0.959660
vn 0.000000 -1.000000 0.000000
vn 0.000000 -1.000000 0.000000
vn 0.000000 -1.000000 -0.000001
vn 0.516427 -0.507980 0.689391
vn 0.607329 -0.512616 0.606940
vn 0.689454 -0.508015 0.516308
vn 0.563957 -0.000000 0.825804
vn 0.611119 -0.000000 0.791539
vn 0.611115 -0.000000 0.791542
vn 0.563952 -0.000000 0.825808
vn 0.000000 -1.000000 0.000000
vn 0.000000 -1.000000 0.000000
vn 0.000000 -1.000000 -0.000001
vn 0.704184 -0.507980 0.496065
vn 0.765158 -0.512618 0.389558
vn 0.815259 -0.508017 0.277976
vn 0.791542 0.000000 0.611114
vn 0.825808 0.000000 0.563952
vn 0.825804 0.000000 0.563957
vn 0.791539 0.000000 0.611119
vn 0.000000 -1.000000 0.000000
vn 0.000000 -1.000000 0.000000
vn 0.000000 -1.000000 -0.000001
vn 0.823011 -0.507981 0.254181
vn 0.848089 -0.512619 0.134042
vn 0.861257 -0.508017 0.012448
vn 0.941646 -0.000000 0.336604
vn 0.959661 -0.000000 0.281161
vn 0.959659 -0.000000 0.281167
vn 0.941644 -0.000000 0.336610
vn 0.000000 -1.000000 0.000000
vn 0.000000 -1.000000 0.000000
vn 0.999575 -0.000000 0.029146
vn 0.999575 -0.000000 -0.029150
vn 0.999575 -0.000000 -0.029144
vn 0.999575 -0.000000 0.029152
vn 0.000000 1.000000 0.000000
vn 0.000000 1.000000 0.000000
vn 0.000000 1.000000 0.000002
vn 0.000000 1.000000 0.000002
vn 0.823012 0.507981 -0.254180
vn 0.848089 0.512619 -0.134042
vn 0.861257 0.508017 -0.012447
vn 0.765158 0.512618 -0.389558
vn 0.815259 0.508016 -0.277980
vn 0.704183 0.507979 -0.496069
vn 0.000000 1.000000 0.000000
vn 0.000000 1.000000 0.000000
vn 0.000000 1.000000 0.000002
vn 0.607329 0.512616 -0.606940
vn 0.689453 0.508014 -0.516311
vn 0.516426 0.507978 -0.689393
vn 0.000000 1.000000 0.000000
vn 0.000000 1.000000 0.000000
vn 0.000000 1.000000 0.000002
vn 0.390052 0.512615 -0.764908
vn 0.496164 0.508015 -0.704090
vn 0.278118 0.507977 -0.815236
vn 0.000000 1.000000 0.000000
vn 0.000000 1.000000 0.000000
vn 0.000000 1.000000 0.000002
vn 0.134595 0.512619 -0.848001
vn 0.254305 0.508011 -0.822954
vn 0.012587 0.507985 -0.861274
vn 0.000000 0.999998 -0.002191
vn 0.000000 0.999998 -0.002191
vn 0.000000 1.000000 0.000002
vn -0.134038 0.512618 -0.848090
vn -0.012445 0.508020 -0.861255
vn -0.254175 0.507974 -0.823017
vn 0.000000 1.000000 0.000000
vn 0.000000 1.000000 0.000000
vn 0.000000 1.000000 0.000002
vn -0.389551 0.512617 -0.765163
vn -0.277975 0.508010 -0.815264
vn -0.496064 0.507983 -0.704184
vn 0.000000 1.000000 0.000000
vn 0.000000 1.000000 0.000000
vn 0.000000 1.000000 0.000002
vn -0.606938 0.512623 -0.607325
vn -0.516302 0.508016 -0.689458
vn -0.689393 0.507985 -0.516420
vn 0.000000 1.000000 0.000000
vn 0.000000 1.000000 0.000000
vn 0.000000 1.000000 0.000002
vn -0.764908 0.512621 -0.390045
vn -0.704094 0.508022 -0.496151
vn -0.815234 0.507982 -0.278117
vn 0.000000 1.000000 0.000000
vn 0.000000 1.000000 0.000000
vn 0.000000 1.000000 0.000002
vn -0.848001 0.512619 -0.134594
vn -0.822948 0.508016 -0.254315
vn -0.861276 0.507982 -0.012593
vn 0.000000 1.000000 0.000000
vn 0.000000 1.000000 0.000000
vn 0.000000 1.000000 0.000002
vn -0.848089 0.512619 0.134043
vn -0.861257 0.508017 0.012452
vn -0.823011 0.507980 0.254184
vn 0.000000 1.000000 0.000000
vn 0.000000 1.000000 0.000000
vn 0.000000 1.000000 0.000002
vn -0.765158 0.512618 0.389559
vn -0.815259 0.508017 0.277980
vn -0.704183 0.507979 0.496069
vn 0.000000 1.000000 0.000000
vn 0.000000 1.000000 0.000000
vn 0.000000 1.000000 0.000002
vn -0.607329 0.512616 0.606940
vn -0.689454 0.508015 0.516308
vn -0.516427 0.507979 0.689391
vn 0.000000 1.000000 0.000000
vn 0.000000 1.000000 0.000000
vn 0.000000 1.000000 0.000002
vn -0.390052 0.512615 0.764909
vn -0.496164 0.508014 0.704090
vn -0.278118 0.507977 0.815236
vn 0.000000 1.000000 0.000000
vn 0.000000 1.000000 0.000000
vn 0.000000 1.000000 0.000002
vn -0.134595 0.512619 0.848001
vn -0.254305 0.508012 0.822954
vn -0.012587 0.507985 0.861274
vn 0.000000 0.999998 -0.002192
vn 0.000000 0.999998 -0.002192
vn 0.000000 1.000000 0.000002
vn 0.134038 0.512618 0.848090
vn 0.012445 0.508021 0.861255
vn 0.254174 0.507975 0.823017
vn 0.000000 1.000000 0.000000
vn 0.000000 1.000000 0.000000
vn 0.000000 1.000000 0.000002
vn 0.389551 0.512617 0.765163
vn 0.277975 0.508010 0.815264
vn 0.496063 0.507982 0.704184
vn 0.000000 1.000000 0.000000
vn 0.000000 1.000000 0.000000
vn 0.000000 1.000000 0.000002
vn 0.606938 0.512623 0.607325
vn 0.516302 0.508016 0.689458
vn 0.689393 0.507984 0.516420
vn 0.000000 1.000000 0.000000
vn 0.000000 1.000000 0.000000
vn 0.000000 1.000000 0.000002
vn 0.764908 0.512621 0.390045
vn 0.704094 0.508022 0.496151
vn 0.815234 0.507982 0.278117
vn 0.000000 1.000000 0.000000
vn 0.000000 1.000000 0.000000
vn 0.000000 1.000000 0.000002
vn 0.848001 0.512619 0.134594
vn 0.822948 0.508016 0.254315
vn 0.861276 0.507981 0.012593
vn 0.000000 1.000000 0.000000
vn 0.000000 1.000000 0.000000
s 1
g pCylinder1
usemtl lambert1SG
f 1/1/1 4/182/2 140/80/3 139/8/4
s 2
f 2/3/5 1/2/6 7/162/7
s 3
f 3/202/8 2/3/9 63/85/10 62/4/11
s 2
f 4/5/12 3/6/13 59/81/14
s 1
f 5/7/15 1/1/16 139/8/4 138/12/17
s 2
f 6/10/18 5/9/19 10/163/20
s 3
f 7/162/21 6/10/22 66/90/23 65/86/24
s 1
f 8/11/25 5/7/26 138/12/17 137/16/27
s 2
f 9/14/28 8/13/29 13/164/30
s 3
f 10/163/31 9/14/32 69/94/33 68/91/34
s 1
f 11/15/35 8/11/36 137/16/27 136/20/37
s 2
f 12/18/38 11/17/39 16/165/40
s 3
f 13/164/41 12/18/42 72/98/43 71/95/44
s 1
f 14/19/45 11/15/46 136/20/37 135/24/47
s 2
f 15/22/48 14/21/49 19/166/50
s 3
f 16/165/51 15/22/52 75/102/53 74/99/54
s 1
f 17/23/55 14/19/56 135/24/47 134/28/57
s 2
f 18/26/58 17/25/59 22/167/60
s 3
f 19/166/61 18/26/62 78/106/63 77/103/64
s 1
f 20/27/65 17/23/66 134/28/57 133/32/67
s 2
f 21/30/68 20/29/69 25/168/70
s 3
f 22/167/71 21/30/72 81/110/73 80/107/74
s 1
f 23/31/75 20/27/76 133/32/67 132/36/77
s 2
f 24/34/78 23/33/79 28/169/80
s 3
f 25/168/81 24/34/82 84/114/83 83/111/84
s 1
f 26/35/85 23/31/86 132/36/77 131/40/87
s 2
f 27/38/88 26/37/89 31/170/90
s 3
f 28/169/91 27/38/92 87/118/93 86/115/94
s 1
f 29/39/95 26/35/96 131/40/87 130/44/97
s 2
f 30/42/98 29/41/99 34/171/100
s 3
f 31/170/101 30/42/102 90/122/103 89/119/104
s 1
f 32/43/105 29/39/106 130/44/97 129/48/107
s 2
f 33/46/108 32/45/109 37/172/110
s 3
f 34/171/111 33/46/112 93/126/113 92/123/114
s 1
f 35/47/115 32/43/116 129/48/107 128/52/117
s 2
f 36/50/118 35/49/119 40/173/120
s 3
f 37/172/121 36/50/122 96/130/123 95/127/124
s 1
f 38/51/125 35/47/126 128/52/117 127/56/127
s 2
f 39/54/128 38/53/129 43/174/130
s 3
f 40/173/131 39/54/132 99/134/133 98/131/134
s 1
f 41/55/135 38/51/136 127/56/127 126/60/137
s 2
f 42/58/138 41/57/139 46/175/140
s 3
f 43/174/141 42/58/142 102/138/143 101/135/144
s 1
f 44/59/145 41/55/146 126/60/137 125/64/147
s 2
f 45/62/148 44/61/149 49/176/150
s 3
f 46/175/151 45/62/152 105/142/153 104/139/154
s 1
f 47/63/155 44/59/156 125/64/147 124/68/157
s 2
f 48/66/158 47/65/159 52/177/160
s 3
f 49/176/161 48/66/162 108/146/163 107/143/164
s 1
f 50/67/165 47/63/166 124/68/157 123/72/167
s 2
f 51/70/168 50/69/169 55/178/170
s 3
f 52/177/171 51/70/172 111/150/173 110/147/174
s 1
f 53/71/175 50/67/176 123/72/167 122/76/177
s 2
f 54/74/178 53/73/179 58/179/180
s 3
f 55/178/181 54/74/182 114/154/183 113/151/184
s 1
f 56/75/185 53/71/186 122/76/177 121/79/187
s 2
f 57/78/188 56/77/189 60/180/190
s 3
f 58/179/191 57/78/192 117/158/193 116/155/194
s 1
f 4/182/195 56/75/196 121/79/187 140/80/3
s 3
f 60/180/197 59/81/198 120/84/199 119/159/200
s 22
f 61/82/201 64/183/202 142/88/203 141/160/204
s 23
f 62/181/205 61/83/206 120/84/207
f 64/87/208 63/85/209 65/86/210
s 22
f 64/183/211 67/184/212 143/92/213 142/88/203
s 23
f 67/89/214 66/90/215 68/91/216
s 22
f 67/184/217 70/185/218 144/96/219 143/92/213
s 23
f 70/93/220 69/94/221 71/95/222
s 22
f 70/185/223 73/186/224 145/100/225 144/96/219
s 23
f 73/97/226 72/98/227 74/99/228
s 22
f 73/186/229 76/187/230 146/104/231 145/100/225
s 23
f 76/101/232 75/102/233 77/103/234
s 22
f 76/187/235 79/188/236 147/108/237 146/104/231
s 23
f 79/105/238 78/106/239 80/107/240
s 22
f 79/188/241 82/189/242 148/112/243 147/108/237
s 23
f 82/109/244 81/110/245 83/111/246
s 22
f 82/189/247 85/190/248 149/116/249 148/112/243
s 23
f 85/113/250 84/114/251 86/115/252
s 22
f 85/190/253 88/191/254 150/120/255 149/116/249
s 23
f 88/117/256 87/118/257 89/119/258
s 22
f 88/191/259 91/192/260 151/124/261 150/120/255
s 23
f 91/121/262 90/122/263 92/123/264
s 22
f 91/192/265 94/193/266 152/128/267 151/124/261
s 23
f 94/125/268 93/126/269 95/127/270
s 22
f 94/193/271 97/194/272 153/132/273 152/128/267
s 23
f 97/129/274 96/130/275 98/131/276
s 22
f 97/194/277 100/195/278 154/136/279 153/132/273
s 23
f 100/133/280 99/134/281 101/135/282
s 22
f 100/195/283 103/196/284 155/140/285 154/136/279
s 23
f 103/137/286 102/138/287 104/139/288
s 22
f 103/196/289 106/197/290 156/144/291 155/140/285
s 23
f 106/141/292 105/142/293 107/143/294
s 22
f 106/197/295 109/198/296 157/148/297 156/144/291
s 23
f 109/145/298 108/146/299 110/147/300
s 22
f 109/198/301 112/199/302 158/152/303 157/148/297
s 23
f 112/149/304 111/150/305 113/151/306
s 22
f 112/199/307 115/200/308 159/156/309 158/152/303
s 23
f 115/153/310 114/154/311 116/155/312
s 22
f 115/200/313 118/201/314 160/161/315 159/156/309
s 23
f 118/157/316 117/158/317 119/159/318
s 22
f 118/201/319 61/82/320 141/160/204 160/161/315
s 3
f 2/3/9 7/162/21 65/86/24 63/85/10
f 6/10/22 10/163/31 68/91/34 66/90/23
f 9/14/32 13/164/41 71/95/44 69/94/33
f 12/18/42 16/165/51 74/99/54 72/98/43
f 15/22/52 19/166/61 77/103/64 75/102/53
f 18/26/62 22/167/71 80/107/74 78/106/63
f 21/30/72 25/168/81 83/111/84 81/110/73
f 24/34/82 28/169/91 86/115/94 84/114/83
f 27/38/92 31/170/101 89/119/104 87/118/93
f 30/42/102 34/171/111 92/123/114 90/122/103
f 33/46/112 37/172/121 95/127/124 93/126/113
f 36/50/122 40/173/131 98/131/134 96/130/123
f 39/54/132 43/174/141 101/135/144 99/134/133
f 42/58/142 46/175/151 104/139/154 102/138/143
f 45/62/152 49/176/161 107/143/164 105/142/153
f 48/66/162 52/177/171 110/147/174 108/146/163
f 51/70/172 55/178/181 113/151/184 111/150/173
f 54/74/182 58/179/191 116/155/194 114/154/183
f 57/78/192 60/180/197 119/159/200 117/158/193
f 59/81/198 3/6/8 62/181/11 120/84/199
s 2
f 1/2/6 2/3/5 3/202/13 4/203/12
f 5/204/19 6/10/18 7/162/7 1/2/6
f 8/205/29 9/14/28 10/163/20 5/9/19
f 11/206/39 12/18/38 13/164/30 8/13/29
f 14/207/49 15/22/48 16/165/40 11/17/39
f 17/208/59 18/26/58 19/166/50 14/21/49
f 20/209/69 21/30/68 22/167/60 17/25/59
f 23/210/79 24/34/78 25/168/70 20/29/69
f 26/211/89 27/38/88 28/169/80 23/33/79
f 29/212/99 30/42/98 31/170/90 26/37/89
f 32/213/109 33/46/108 34/171/100 29/41/99
f 35/214/119 36/50/118 37/172/110 32/45/109
f 38/215/129 39/54/128 40/173/120 35/49/119
f 41/216/139 42/58/138 43/174/130 38/53/129
f 44/217/149 45/62/148 46/175/140 41/57/139
f 47/218/159 48/66/158 49/176/150 44/61/149
f 50/219/169 51/70/168 52/177/160 47/65/159
f 53/220/179 54/74/178 55/178/170 50/69/169
f 56/221/189 57/78/188 58/179/180 53/73/179
f 4/222/12 59/81/14 60/180/190 56/77/189
s 23
f 61/223/206 62/4/205 63/85/209 64/87/208
f 64/87/208 65/86/210 66/90/215 67/224/214
f 67/89/214 68/91/216 69/94/221 70/225/220
f 70/93/220 71/95/222 72/98/227 73/226/226
f 73/97/226 74/99/228 75/102/233 76/227/232
f 76/101/232 77/103/234 78/106/239 79/228/238
f 79/105/238 80/107/240 81/110/245 82/229/244
f 82/109/244 83/111/246 84/114/251 85/230/250
f 85/113/250 86/115/252 87/118/257 88/231/256
f 88/117/256 89/119/258 90/122/263 91/232/262
f 91/121/262 92/123/264 93/126/269 94/233/268
f 94/125/268 95/127/270 96/130/275 97/234/274
f 97/129/274 98/131/276 99/134/281 100/235/280
f 100/133/280 101/135/282 102/138/287 103/236/286
f 103/137/286 104/139/288 105/142/293 106/237/292
f 106/141/292 107/143/294 108/146/299 109/238/298
f 109/145/298 110/147/300 111/150/305 112/239/304
f 112/149/304 113/151/306 114/154/311 115/240/310
f 115/153/310 116/155/312 117/158/317 118/241/316
f 118/157/316 119/159/318 120/84/207 61/242/206
s 1
f 121/79/187 122/76/177 123/72/167 124/68/157 125/64/147 126/60/137 127/56/127 128/52/117 129/48/107 130/44/97 131/40/87 132/36/77 133/32/67 134/28/57 135/24/47 136/20/37 137/16/27 138/12/17 139/8/4 140/80/3
s 22
f 141/160/204 142/88/203 143/92/213 144/96/219 145/100/225 146/104/231 147/108/237 148/112/243 149/116/249 150/120/255 151/124/261 152/128/267 153/132/273 154/136/279 155/140/285 156/144/291 157/148/297 158/152/303 159/156/309 160/161/315
g default
v 0.138985 0.807098 -0.071020
v 0.139838 0.807908 -0.071251
v 0.139140 0.807091 -0.070704
v 0.138879 0.806980 -0.070584
v 0.138735 0.806980 -0.070867
v 0.153893 0.806980 -0.024214
v 0.153850 0.806980 -0.024523
v 0.154129 0.807098 -0.024595
v 0.155011 0.807908 -0.024552
v 0.154186 0.807098 -0.024237
v 0.153581 0.806980 -0.024325
v 0.138548 0.806980 -0.070594
v 0.172284 0.893687 -0.081394
v 0.172167 0.866914 -0.081340
v 0.172054 0.866924 -0.081641
v 0.172167 0.893686 -0.081677
v 0.167263 0.893653 -0.091301
v 0.167166 0.866880 -0.091211
v 0.167008 0.866891 -0.091494
v 0.167103 0.893653 -0.091563
v 0.187170 0.866880 -0.035088
v 0.187108 0.866891 -0.035406
v 0.187214 0.893669 -0.035457
v 0.187293 0.893670 -0.035130
v 0.172053 8.551752 -0.081631
v 0.172189 8.551740 -0.081337
v 0.172304 8.551443 -0.081358
v 0.172176 8.551443 -0.081669
v 0.187301 8.551412 -0.035106
v 0.187227 8.551427 -0.035419
v 0.187101 8.551719 -0.035393
v 0.187179 8.551720 -0.035065
v 0.189004 0.893687 -0.024170
v 0.188876 0.866914 -0.024155
v 0.188862 0.866924 -0.024476
v 0.188980 0.893686 -0.024476
v 0.110236 0.807098 -0.110493
v 0.110976 0.807908 -0.110976
v 0.110481 0.807091 -0.110240
v 0.110270 0.806980 -0.110046
v 0.110046 0.806980 -0.110270
v 0.109952 0.806980 -0.109952
v 0.138700 0.893687 -0.130650
v 0.138604 0.866914 -0.130563
v 0.138404 0.866924 -0.130815
v 0.138501 0.893686 -0.130883
v 0.130863 0.893653 -0.138521
v 0.130798 0.866880 -0.138406
v 0.130560 0.866891 -0.138626
v 0.130629 0.893653 -0.138720
v 0.138407 8.551752 -0.130803
v 0.138627 8.551740 -0.130566
v 0.138730 8.551443 -0.130621
v 0.138512 8.551443 -0.130877
v 0.167185 8.551709 -0.091211
v 0.167285 8.551412 -0.091267
v 0.167118 8.551427 -0.091542
v 0.167025 8.551708 -0.091473
v 0.070697 0.807098 -0.139150
v 0.071251 0.807908 -0.139838
v 0.071007 0.807091 -0.138985
v 0.070867 0.806980 -0.138735
v 0.070584 0.806980 -0.138879
v 0.070594 0.806980 -0.138548
v 0.091538 0.893687 -0.167117
v 0.091473 0.866914 -0.167005
v 0.091205 0.866924 -0.167183
v 0.091276 0.893686 -0.167278
v 0.081652 0.893653 -0.172181
v 0.081625 0.866880 -0.172052
v 0.081332 0.866891 -0.172188
v 0.081368 0.893653 -0.172299
v 0.091213 8.551752 -0.167171
v 0.091495 8.551740 -0.167013
v 0.091576 8.551443 -0.167098
v 0.091289 8.551443 -0.167274
v 0.130816 8.551709 -0.138409
v 0.130895 8.551412 -0.138494
v 0.130651 8.551427 -0.138704
v 0.130583 8.551708 -0.138610
v 0.024237 0.807098 -0.154186
v 0.024551 0.807908 -0.155012
v 0.024583 0.807091 -0.154125
v 0.024527 0.806980 -0.153844
v 0.024214 0.806980 -0.153893
v 0.024325 0.806980 -0.153581
v 0.035415 0.893687 -0.187226
v 0.035388 0.866914 -0.187100
v 0.035078 0.866924 -0.187186
v 0.035117 0.893686 -0.187297
v 0.024448 0.893653 -0.188987
v 0.024463 0.866880 -0.188856
v 0.024142 0.866891 -0.188895
v 0.024142 0.893653 -0.189011
v 0.035090 8.551752 -0.187175
v 0.035407 8.551740 -0.187113
v 0.035458 8.551443 -0.187218
v 0.035131 8.551443 -0.187297
v 0.081643 8.551709 -0.172059
v 0.081691 8.551412 -0.172165
v 0.081395 8.551427 -0.172289
v 0.081359 8.551708 -0.172178
v -0.024595 0.807098 -0.154129
v -0.024552 0.807908 -0.155011
v -0.024247 0.807091 -0.154178
v -0.024214 0.806980 -0.153893
v -0.024527 0.806980 -0.153844
v -0.024325 0.806980 -0.153581
v -0.024175 0.893687 -0.189007
v -0.024161 0.866914 -0.188880
v -0.024483 0.866924 -0.188866
v -0.024481 0.893686 -0.188983
v -0.035149 0.893653 -0.187294
v -0.035095 0.866880 -0.187174
v -0.035412 0.866891 -0.187111
v -0.035448 0.893653 -0.187222
v -0.024468 8.551752 -0.188858
v -0.024147 8.551740 -0.188896
v -0.024131 8.551443 -0.189012
v -0.024466 8.551443 -0.188986
v 0.024478 8.551709 -0.188867
v 0.024491 8.551412 -0.188982
v 0.024171 8.551427 -0.189009
v 0.024171 8.551708 -0.188892
v -0.071020 0.807098 -0.138985
v -0.071251 0.807908 -0.139838
v -0.070704 0.807091 -0.139140
v -0.070584 0.806980 -0.138879
v -0.070867 0.806980 -0.138735
v -0.070594 0.806980 -0.138548
v -0.081399 0.893687 -0.172288
v -0.081347 0.866914 -0.172170
v -0.081648 0.866924 -0.172058
v -0.081682 0.893686 -0.172170
v -0.091306 0.893653 -0.167266
v -0.091218 0.866880 -0.167169
v -0.091500 0.866891 -0.167012
v -0.091568 0.893653 -0.167106
v -0.081631 8.551752 -0.172053
v -0.081337 8.551740 -0.172189
v -0.081358 8.551443 -0.172304
v -0.081669 8.551443 -0.172176
v -0.035083 8.551709 -0.187187
v -0.035106 8.551412 -0.187301
v -0.035419 8.551427 -0.187227
v -0.035383 8.551708 -0.187117
v -0.110493 0.807098 -0.110236
v -0.110976 0.807908 -0.110976
v -0.110240 0.807091 -0.110481
v -0.110046 0.806980 -0.110270
v -0.110270 0.806980 -0.110046
v -0.109952 0.806980 -0.109952
v -0.130655 0.893687 -0.138703
v -0.130569 0.866914 -0.138608
v -0.130821 0.866924 -0.138408
v -0.130888 0.893686 -0.138504
v -0.138526 0.893653 -0.130866
v -0.138412 0.866880 -0.130801
v -0.138632 0.866891 -0.130564
v -0.138726 0.893653 -0.130632
v -0.130803 8.551752 -0.138407
v -0.130566 8.551740 -0.138627
v -0.130621 8.551443 -0.138730
v -0.130877 8.551443 -0.138512
v -0.091211 8.551709 -0.167184
v -0.091267 8.551412 -0.167285
v -0.091542 8.551427 -0.167118
v -0.091473 8.551708 -0.167025
v -0.139150 0.807098 -0.070697
v -0.139838 0.807908 -0.071251
v -0.138985 0.807091 -0.071007
v -0.138735 0.806980 -0.070867
v -0.138879 0.806980 -0.070584
v -0.138548 0.806980 -0.070594
v -0.167122 0.893687 -0.091541
v -0.167012 0.866914 -0.091477
v -0.167190 0.866924 -0.091209
v -0.167283 0.893686 -0.091279
v -0.172187 0.893653 -0.081655
v -0.172058 0.866880 -0.081629
v -0.172194 0.866891 -0.081336
v -0.172304 0.893653 -0.081371
v -0.167171 8.551752 -0.091213
v -0.167013 8.551740 -0.091495
v -0.167098 8.551443 -0.091576
v -0.167274 8.551443 -0.091289
v -0.138409 8.551709 -0.130816
v -0.138494 8.551412 -0.130895
v -0.138704 8.551427 -0.130651
v -0.138610 8.551708 -0.130583
v -0.154186 0.807098 -0.024237
v -0.155012 0.807908 -0.024551
v -0.154125 0.807091 -0.024583
v -0.153844 0.806980 -0.024527
v -0.153893 0.806980 -0.024214
v -0.153581 0.806980 -0.024325
v -0.187231 0.893687 -0.035418
v -0.187106 0.866914 -0.035392
v -0.187193 0.866924 -0.035082
v -0.187303 0.893686 -0.035120
v -0.188992 0.893653 -0.024451
v -0.188863 0.866880 -0.024467
v -0.188901 0.866891 -0.024145
v -0.189016 0.893653 -0.024145
v -0.187175 8.551752 -0.035090
v -0.187113 8.551740 -0.035407
v -0.187218 8.551443 -0.035458
v -0.187297 8.551443 -0.035131
v -0.172059 8.551709 -0.081643
v -0.172165 8.551412 -0.081691
v -0.172289 8.551427 -0.081395
v -0.172178 8.551708 -0.081359
v -0.154129 0.807098 0.024595
v -0.155011 0.807908 0.024552
v -0.154178 0.807091 0.024247
v -0.153893 0.806980 0.024214
v -0.153844 0.806980 0.024527
v -0.153581 0.806980 0.024325
v -0.189013 0.893687 0.024172
v -0.188886 0.866914 0.024158
v -0.188872 0.866924 0.024479
v -0.188989 0.893686 0.024478
v -0.187299 0.893653 0.035146
v -0.187180 0.866880 0.035091
v -0.187118 0.866891 0.035409
v -0.187227 0.893653 0.035445
v -0.188857 8.551752 0.024468
v -0.188896 8.551740 0.024147
v -0.189012 8.551443 0.024131
v -0.188986 8.551443 0.024466
v -0.188867 8.551709 -0.024478
v -0.188982 8.551412 -0.024491
v -0.189008 8.551427 -0.024171
v -0.188892 8.551708 -0.024171
v -0.138985 0.807098 0.071020
v -0.139838 0.807908 0.071251
v -0.139139 0.807091 0.070704
v -0.138879 0.806980 0.070584
v -0.138735 0.806980 0.070867
v -0.138548 0.806980 0.070594
v -0.172293 0.893687 0.081396
v -0.172177 0.866914 0.081343
v -0.172065 0.866924 0.081644
v -0.172175 0.893686 0.081679
v -0.167271 0.893653 0.091303
v -0.167176 0.866880 0.091214
v -0.167018 0.866891 0.091497
v -0.167111 0.893653 0.091565
v -0.172053 8.551752 0.081631
v -0.172189 8.551740 0.081337
v -0.172304 8.551443 0.081358
v -0.172176 8.551443 0.081669
v -0.187187 8.551709 0.035083
v -0.187301 8.551412 0.035106
v -0.187227 8.551427 0.035419
v -0.187117 8.551708 0.035383
v -0.110236 0.807098 0.110493
v -0.110976 0.807908 0.110976
v -0.110481 0.807091 0.110240
v -0.110270 0.806980 0.110046
v -0.110046 0.806980 0.110270
v -0.109952 0.806980 0.109952
v -0.138708 0.893687 0.130652
v -0.138614 0.866914 0.130566
v -0.138414 0.866924 0.130818
v -0.138509 0.893686 0.130885
v -0.130871 0.893653 0.138523
v -0.130808 0.866880 0.138408
v -0.130571 0.866891 0.138628
v -0.130637 0.893653 0.138722
v -0.138407 8.551752 0.130803
v -0.138627 8.551740 0.130566
v -0.138730 8.551443 0.130621
v -0.138512 8.551443 0.130877
v -0.167184 8.551709 0.091210
v -0.167285 8.551412 0.091267
v -0.167118 8.551427 0.091542
v -0.167025 8.551708 0.091473
v -0.070697 0.807098 0.139150
v -0.071251 0.807908 0.139838
v -0.071007 0.807091 0.138985
v -0.070867 0.806980 0.138735
v -0.070584 0.806980 0.138879
v -0.070594 0.806980 0.138548
v -0.091546 0.893687 0.167119
v -0.091484 0.866914 0.167008
v -0.091216 0.866924 0.167186
v -0.091284 0.893686 0.167280
v -0.081660 0.893653 0.172183
v -0.081636 0.866880 0.172055
v -0.081342 0.866891 0.172191
v -0.081377 0.893653 0.172301
v -0.091213 8.551752 0.167171
v -0.091495 8.551740 0.167013
v -0.091576 8.551443 0.167098
v -0.091289 8.551443 0.167274
v -0.130816 8.551709 0.138409
v -0.130895 8.551412 0.138494
v -0.130651 8.551427 0.138704
v -0.130583 8.551708 0.138610
v -0.024237 0.807098 0.154186
v -0.024551 0.807908 0.155012
v -0.024583 0.807091 0.154125
v -0.024527 0.806980 0.153844
v -0.024214 0.806980 0.153893
v -0.024325 0.806980 0.153581
v -0.035423 0.893687 0.187228
v -0.035399 0.866914 0.187103
v -0.035089 0.866924 0.187189
v -0.035125 0.893686 0.187300
v -0.024456 0.893653 0.188989
v -0.024473 0.866880 0.188859
v -0.024152 0.866891 0.188898
v -0.024150 0.893653 0.189013
v -0.035090 8.551752 0.187175
v -0.035407 8.551740 0.187113
v -0.035458 8.551443 0.187218
v -0.035131 8.551443 0.187297
v -0.081643 8.551709 0.172059
v -0.081691 8.551412 0.172165
v -0.081395 8.551427 0.172289
v -0.081359 8.551708 0.172178
v 0.020998 0.807098 0.155299
v 0.024552 0.807908 0.155011
v 0.024247 0.807091 0.154178
v 0.024214 0.806980 0.153893
v 0.024527 0.806980 0.153844
v 0.024325 0.806980 0.153581
v 0.024167 0.893687 0.189009
v 0.024151 0.866914 0.188882
v 0.024473 0.866924 0.188869
v 0.024473 0.893686 0.188985
v 0.035141 0.893653 0.187296
v 0.035085 0.866880 0.187177
v 0.035402 0.866891 0.187114
v 0.035439 0.893653 0.187224
v 0.024468 8.551752 0.188857
v 0.024147 8.551740 0.188896
v 0.024131 8.551443 0.189012
v 0.024466 8.551443 0.188986
v -0.024478 8.551709 0.188867
v -0.024491 8.551412 0.188982
v -0.024171 8.551427 0.189008
v -0.024171 8.551708 0.188892
v 0.071020 0.807098 0.138985
v 0.071251 0.807908 0.139838
v 0.074302 0.807090 0.137970
v 0.070584 0.806980 0.138879
v 0.070867 0.806980 0.138735
v 0.070594 0.806980 0.138548
v 0.081390 0.893687 0.172290
v 0.081336 0.866914 0.172173
v 0.081638 0.866924 0.172061
v 0.081674 0.893686 0.172172
v 0.091298 0.893653 0.167268
v 0.091207 0.866880 0.167172
v 0.091490 0.866891 0.167015
v 0.091560 0.893653 0.167108
v 0.081631 8.551752 0.172053
v 0.081337 8.551740 0.172189
v 0.081358 8.551443 0.172304
v 0.081669 8.551443 0.172176
v 0.035083 8.551709 0.187187
v 0.035106 8.551412 0.187301
v 0.035419 8.551427 0.187227
v 0.035383 8.551708 0.187117
v 0.110493 0.807098 0.110236
v 0.110976 0.807908 0.110976
v 0.110240 0.807091 0.110481
v 0.110046 0.806980 0.110270
v 0.110270 0.806980 0.110046
v 0.109952 0.806980 0.109952
v 0.130647 0.893687 0.138705
v 0.130559 0.866914 0.138611
v 0.130811 0.866924 0.138411
v 0.130880 0.893686 0.138506
v 0.138518 0.893653 0.130868
v 0.138402 0.866880 0.130804
v 0.138622 0.866891 0.130567
v 0.138717 0.893653 0.130634
v 0.130803 8.551752 0.138407
v 0.130566 8.551740 0.138627
v 0.130621 8.551443 0.138730
v 0.130877 8.551443 0.138512
v 0.091210 8.551709 0.167184
v 0.091267 8.551412 0.167285
v 0.091542 8.551427 0.167118
v 0.091473 8.551708 0.167025
v 0.139150 0.807098 0.070697
v 0.139838 0.807908 0.071251
v 0.138985 0.807091 0.071007
v 0.138735 0.806980 0.070867
v 0.138879 0.806980 0.070584
v 0.138548 0.806980 0.070594
v 0.167114 0.893687 0.091543
v 0.167001 0.866914 0.091480
v 0.167179 0.866924 0.091212
v 0.167274 0.893686 0.091281
v 0.172178 0.893653 0.081657
v 0.172048 0.866880 0.081632
v 0.172184 0.866891 0.081339
v 0.172296 0.893653 0.081373
v 0.167171 8.551752 0.091213
v 0.167013 8.551740 0.091495
v 0.167098 8.551443 0.091576
v 0.167274 8.551443 0.091289
v 0.138409 8.551709 0.130816
v 0.138494 8.551412 0.130894
v 0.138704 8.551427 0.130651
v 0.138610 8.551708 0.130583
v 0.154186 0.807098 0.024237
v 0.155012 0.807908 0.024551
v 0.154125 0.807091 0.024583
v 0.153844 0.806980 0.024527
v 0.153893 0.806980 0.024214
v 0.153581 0.806980 0.024325
v 0.187223 0.893687 0.035420
v 0.187096 0.866914 0.035395
v 0.187182 0.866924 0.035085
v 0.187294 0.893686 0.035122
v 0.188984 0.893653 0.024453
v 0.188852 0.866880 0.024469
v 0.188891 0.866891 0.024148
v 0.189008 0.893653 0.024147
v 0.187175 8.551752 0.035090
v 0.187113 8.551740 0.035407
v 0.187218 8.551443 0.035458
v 0.187297 8.551443 0.035131
v 0.172059 8.551709 0.081643
v 0.172164 8.551412 0.081691
v 0.172289 8.551427 0.081395
v 0.172178 8.551708 0.081359
v 0.188857 8.551752 -0.024468
v 0.188896 8.551740 -0.024147
v 0.189012 8.551443 -0.024131
v 0.188986 8.551443 -0.024466
v 0.188867 8.551709 0.024478
v 0.188982 8.551412 0.024491
v 0.189008 8.551427 0.024171
v 0.188892 8.551708 0.024171
v 0.154186 8.584836 -0.024237
v 0.155012 8.584025 -0.024551
v 0.154125 8.584843 -0.024583
v 0.153844 8.584953 -0.024527
v 0.153893 8.584953 -0.024214
v 0.138735 8.584953 -0.070867
v 0.138882 8.584953 -0.070592
v 0.139150 8.584836 -0.070697
v 0.139838 8.584025 -0.071251
v 0.138985 8.584836 -0.071020
v 0.138548 8.584953 -0.070594
v 0.153581 8.584953 -0.024325
v 0.110046 8.584953 -0.110270
v 0.110270 8.584953 -0.110053
v 0.110493 8.584836 -0.110236
v 0.110976 8.584025 -0.110976
v 0.110236 8.584836 -0.110493
v 0.109952 8.584953 -0.109952
v 0.070584 8.584953 -0.138879
v 0.070865 8.584953 -0.138743
v 0.071020 8.584836 -0.138985
v 0.071251 8.584025 -0.139838
v 0.070697 8.584836 -0.139150
v 0.070594 8.584953 -0.138548
v 0.024214 8.584953 -0.153893
v 0.024523 8.584953 -0.153850
v 0.024595 8.584836 -0.154129
v 0.024552 8.584025 -0.155011
v 0.024237 8.584836 -0.154186
v 0.024325 8.584953 -0.153581
v -0.024527 8.584953 -0.153844
v -0.024220 8.584953 -0.153898
v -0.024237 8.584836 -0.154186
v -0.024551 8.584025 -0.155012
v -0.024595 8.584836 -0.154129
v -0.024325 8.584953 -0.153581
v -0.070867 8.584953 -0.138735
v -0.070592 8.584953 -0.138882
v -0.070697 8.584836 -0.139150
v -0.071251 8.584025 -0.139838
v -0.071020 8.584836 -0.138985
v -0.070594 8.584953 -0.138548
v -0.110270 8.584953 -0.110046
v -0.110053 8.584953 -0.110270
v -0.110236 8.584836 -0.110493
v -0.110976 8.584025 -0.110976
v -0.110493 8.584836 -0.110236
v -0.109952 8.584953 -0.109952
v -0.138879 8.584953 -0.070584
v -0.138742 8.584953 -0.070865
v -0.138985 8.584836 -0.071020
v -0.139838 8.584025 -0.071251
v -0.139150 8.584836 -0.070697
v -0.138548 8.584953 -0.070594
v -0.153893 8.584953 -0.024214
v -0.153850 8.584953 -0.024523
v -0.154129 8.584836 -0.024595
v -0.155011 8.584025 -0.024552
v -0.154186 8.584836 -0.024237
v -0.153581 8.584953 -0.024325
v -0.153844 8.584953 0.024527
v -0.153898 8.584953 0.024220
v -0.154186 8.584836 0.024237
v -0.155012 8.584025 0.024551
v -0.154129 8.584836 0.024595
v -0.153581 8.584953 0.024325
v -0.138735 8.584953 0.070867
v -0.138882 8.584953 0.070592
v -0.139150 8.584836 0.070697
v -0.139838 8.584025 0.071251
v -0.138985 8.584836 0.071020
v -0.138548 8.584953 0.070594
v -0.110046 8.584953 0.110270
v -0.110270 8.584953 0.110053
v -0.110493 8.584836 0.110236
v -0.110976 8.584025 0.110976
v -0.110236 8.584836 0.110493
v -0.109952 8.584953 0.109952
v -0.070584 8.584953 0.138879
v -0.070865 8.584953 0.138742
v -0.071020 8.584836 0.138985
v -0.071251 8.584025 0.139838
v -0.070697 8.584836 0.139150
v -0.070594 8.584953 0.138548
v -0.024214 8.584953 0.153893
v -0.024523 8.584953 0.153850
v -0.024595 8.584836 0.154129
v -0.024552 8.584025 0.155011
v -0.024237 8.584836 0.154186
v -0.024325 8.584953 0.153581
v 0.024527 8.584953 0.153844
v 0.024220 8.584953 0.153898
v 0.024237 8.584836 0.154186
v 0.024551 8.584025 0.155012
v 0.024595 8.584836 0.154129
v 0.024325 8.584953 0.153581
v 0.070867 8.584953 0.138735
v 0.070592 8.584953 0.138882
v 0.070697 8.584836 0.139150
v 0.071251 8.584025 0.139838
v 0.071020 8.584836 0.138985
v 0.070594 8.584953 0.138548
v 0.110270 8.584953 0.110046
v 0.110053 8.584953 0.110270
v 0.110236 8.584836 0.110493
v 0.110976 8.584025 0.110976
v 0.110493 8.584836 0.110236
v 0.109952 8.584953 0.109952
v 0.138879 8.584953 0.070584
v 0.138742 8.584953 0.070865
v 0.138985 8.584836 0.071020
v 0.139838 8.584025 0.071251
v 0.139150 8.584836 0.070697
v 0.138548 8.584953 0.070594
v 0.153893 8.584953 0.024214
v 0.153850 8.584953 0.024523
v 0.154129 8.584836 0.024595
v 0.155011 8.584025 0.024552
v 0.154186 8.584836 0.024237
v 0.153581 8.584953 0.024325
v 0.049515 0.760663 0.025229
v 0.054887 0.760663 0.008693
v 0.039295 0.760663 0.039295
v 0.025229 0.760663 0.049515
v 0.008693 0.760663 0.054887
v -0.008693 0.760663 0.054887
v -0.025229 0.760663 0.049515
v -0.039295 0.760663 0.039295
v -0.049515 0.760663 0.025229
v -0.054887 0.760663 0.008693
v -0.054887 0.760663 -0.008693
v -0.049515 0.760663 -0.025229
v -0.039295 0.760663 -0.039295
v -0.025229 0.760663 -0.049515
v -0.008693 0.760663 -0.054887
v 0.008693 0.760663 -0.054887
v 0.025229 0.760663 -0.049515
v 0.039295 0.760663 -0.039295
v 0.049515 0.760663 -0.025229
v 0.054887 0.760663 -0.008693
vt 0.612535 0.098791
vt 0.589419 0.066975
vt 0.381288 0.312506
vt 0.381226 0.312505
vt 0.381250 0.312545
vt 0.612630 0.098976
vt 0.612515 0.099065
vt 0.624816 0.136589
vt 0.624816 0.175911
vt 0.624680 0.136633
vt 0.618770 0.312528
vt 0.619898 0.314100
vt 0.618730 0.312528
vt 0.618750 0.312545
vt 0.617607 0.314101
vt 0.624427 0.136543
vt 0.612247 0.099057
vt 0.380086 0.314113
vt 0.375016 0.313655
vt 0.380138 0.314102
vt 0.382364 0.314101
vt 0.382432 0.314101
vt 0.392562 0.314102
vt 0.617638 0.314102
vt 0.375018 0.313668
vt 0.375039 0.686336
vt 0.380132 0.685884
vt 0.382363 0.685883
vt 0.380136 0.685899
vt 0.380085 0.685900
vt 0.375055 0.686335
vt 0.619893 0.685899
vt 0.618769 0.687474
vt 0.617633 0.314135
vt 0.617631 0.685884
vt 0.617570 0.314115
vt 0.589271 0.066829
vt 0.557455 0.043712
vt 0.393788 0.312506
vt 0.393731 0.312526
vt 0.393750 0.312545
vt 0.392607 0.314101
vt 0.589337 0.067094
vt 0.589080 0.067170
vt 0.392638 0.314102
vt 0.394864 0.314101
vt 0.394932 0.314101
vt 0.405062 0.314102
vt 0.392632 0.685884
vt 0.394863 0.685883
vt 0.392601 0.685900
vt 0.392636 0.685899
vt 0.393730 0.687472
vt 0.392548 0.685899
vt 0.382430 0.685884
vt 0.382414 0.685897
vt 0.381275 0.687494
vt 0.381250 0.687455
vt 0.557269 0.043619
vt 0.519867 0.031465
vt 0.406288 0.312506
vt 0.406231 0.312526
vt 0.406250 0.312545
vt 0.405107 0.314101
vt 0.557414 0.043851
vt 0.557193 0.044003
vt 0.405138 0.314102
vt 0.407364 0.314101
vt 0.407432 0.314101
vt 0.417562 0.314102
vt 0.405132 0.685884
vt 0.407363 0.685883
vt 0.405101 0.685900
vt 0.405136 0.685899
vt 0.406230 0.687472
vt 0.405048 0.685899
vt 0.394930 0.685884
vt 0.394914 0.685897
vt 0.393775 0.687494
vt 0.393750 0.687455
vt 0.519661 0.031434
vt 0.480334 0.031434
vt 0.418788 0.312506
vt 0.418731 0.312526
vt 0.418750 0.312545
vt 0.417607 0.314101
vt 0.519871 0.031611
vt 0.519707 0.031823
vt 0.417638 0.314102
vt 0.419864 0.314101
vt 0.419932 0.314101
vt 0.430062 0.314102
vt 0.417632 0.685884
vt 0.419863 0.685883
vt 0.417601 0.685900
vt 0.417636 0.685899
vt 0.418730 0.687472
vt 0.417547 0.685899
vt 0.407430 0.685884
vt 0.407414 0.685897
vt 0.406275 0.687494
vt 0.406250 0.687455
vt 0.480129 0.031468
vt 0.442726 0.043620
vt 0.431288 0.312506
vt 0.431231 0.312526
vt 0.431250 0.312545
vt 0.430107 0.314101
vt 0.480383 0.031570
vt 0.480292 0.031823
vt 0.430138 0.314102
vt 0.432364 0.314101
vt 0.432432 0.314101
vt 0.442562 0.314102
vt 0.430132 0.685884
vt 0.432363 0.685883
vt 0.430101 0.685900
vt 0.430136 0.685899
vt 0.431230 0.687472
vt 0.430048 0.685899
vt 0.419930 0.685884
vt 0.419914 0.685897
vt 0.418775 0.687494
vt 0.418750 0.687455
vt 0.442541 0.043715
vt 0.410725 0.066831
vt 0.443788 0.312506
vt 0.443731 0.312526
vt 0.443750 0.312545
vt 0.442607 0.314101
vt 0.442815 0.043735
vt 0.442807 0.044003
vt 0.442638 0.314102
vt 0.444864 0.314101
vt 0.444932 0.314101
vt 0.455062 0.314102
vt 0.442632 0.685884
vt 0.444863 0.685883
vt 0.442601 0.685900
vt 0.442636 0.685899
vt 0.443730 0.687472
vt 0.442547 0.685899
vt 0.432430 0.685884
vt 0.432414 0.685897
vt 0.431275 0.687494
vt 0.431250 0.687455
vt 0.410579 0.066979
vt 0.387462 0.098795
vt 0.456288 0.312506
vt 0.456231 0.312526
vt 0.456250 0.312545
vt 0.455107 0.314101
vt 0.410845 0.066913
vt 0.410920 0.067170
vt 0.455138 0.314102
vt 0.457364 0.314101
vt 0.457432 0.314101
vt 0.467562 0.314102
vt 0.455132 0.685884
vt 0.457363 0.685883
vt 0.455101 0.685900
vt 0.455136 0.685899
vt 0.456230 0.687472
vt 0.455047 0.685899
vt 0.444930 0.685884
vt 0.444914 0.685897
vt 0.443775 0.687494
vt 0.443750 0.687455
vt 0.387369 0.098981
vt 0.375216 0.136383
vt 0.468788 0.312506
vt 0.468731 0.312526
vt 0.468750 0.312545
vt 0.467607 0.314101
vt 0.387601 0.098836
vt 0.387752 0.099057
vt 0.467638 0.314102
vt 0.469864 0.314101
vt 0.469932 0.314101
vt 0.480062 0.314102
vt 0.467632 0.685884
vt 0.469863 0.685883
vt 0.467601 0.685900
vt 0.467636 0.685899
vt 0.468730 0.687472
vt 0.467547 0.685899
vt 0.457430 0.685884
vt 0.457414 0.685897
vt 0.456275 0.687494
vt 0.456250 0.687455
vt 0.375184 0.136589
vt 0.375184 0.175916
vt 0.481288 0.312506
vt 0.481231 0.312526
vt 0.481250 0.312545
vt 0.480107 0.314101
vt 0.375361 0.136379
vt 0.375573 0.136543
vt 0.480138 0.314102
vt 0.482364 0.314101
vt 0.482432 0.314101
vt 0.492562 0.314102
vt 0.480132 0.685884
vt 0.482363 0.685883
vt 0.480101 0.685900
vt 0.480136 0.685899
vt 0.481230 0.687472
vt 0.480047 0.685899
vt 0.469930 0.685884
vt 0.469914 0.685897
vt 0.468775 0.687494
vt 0.468750 0.687455
vt 0.375218 0.176121
vt 0.387370 0.213524
vt 0.493788 0.312506
vt 0.493731 0.312526
vt 0.493750 0.312545
vt 0.492607 0.314101
vt 0.375321 0.175867
vt 0.375573 0.175957
vt 0.492638 0.314102
vt 0.494864 0.314101
vt 0.494932 0.314101
vt 0.505062 0.314102
vt 0.492632 0.685884
vt 0.494863 0.685883
vt 0.492601 0.685900
vt 0.492636 0.685899
vt 0.493730 0.687472
vt 0.492547 0.685899
vt 0.482430 0.685884
vt 0.482414 0.685897
vt 0.481275 0.687494
vt 0.481250 0.687455
vt 0.387465 0.213709
vt 0.410581 0.245525
vt 0.506288 0.312506
vt 0.506231 0.312526
vt 0.506250 0.312545
vt 0.505107 0.314101
vt 0.387485 0.213435
vt 0.387753 0.213443
vt 0.505138 0.314102
vt 0.507364 0.314101
vt 0.507432 0.314101
vt 0.517561 0.314102
vt 0.505131 0.685884
vt 0.507363 0.685883
vt 0.505101 0.685900
vt 0.505136 0.685899
vt 0.506230 0.687472
vt 0.505048 0.685899
vt 0.494930 0.685884
vt 0.494914 0.685897
vt 0.493775 0.687494
vt 0.493750 0.687455
vt 0.410729 0.245671
vt 0.442545 0.268788
vt 0.518788 0.312506
vt 0.518731 0.312526
vt 0.518750 0.312545
vt 0.517607 0.314101
vt 0.410663 0.245405
vt 0.410921 0.245329
vt 0.517638 0.314102
vt 0.519864 0.314101
vt 0.519931 0.314101
vt 0.530062 0.314102
vt 0.517631 0.685884
vt 0.519863 0.685883
vt 0.517601 0.685900
vt 0.517636 0.685899
vt 0.518730 0.687472
vt 0.517547 0.685899
vt 0.507430 0.685884
vt 0.507414 0.685897
vt 0.506275 0.687494
vt 0.506250 0.687455
vt 0.442731 0.268881
vt 0.480133 0.281035
vt 0.531288 0.312506
vt 0.531231 0.312526
vt 0.531250 0.312545
vt 0.530107 0.314101
vt 0.442586 0.268649
vt 0.442807 0.268497
vt 0.530138 0.314102
vt 0.532364 0.314101
vt 0.532431 0.314101
vt 0.542561 0.314102
vt 0.530131 0.685884
vt 0.532363 0.685883
vt 0.530101 0.685900
vt 0.530136 0.685899
vt 0.531230 0.687472
vt 0.530047 0.685899
vt 0.519930 0.685884
vt 0.519914 0.685897
vt 0.518775 0.687494
vt 0.518750 0.687455
vt 0.480339 0.281066
vt 0.519666 0.281066
vt 0.543788 0.312506
vt 0.543731 0.312526
vt 0.543750 0.312545
vt 0.542607 0.314101
vt 0.480129 0.280889
vt 0.480293 0.280677
vt 0.542638 0.314102
vt 0.544864 0.314101
vt 0.544931 0.314101
vt 0.555061 0.314102
vt 0.542631 0.685884
vt 0.544863 0.685883
vt 0.542601 0.685900
vt 0.542636 0.685899
vt 0.543730 0.687472
vt 0.542547 0.685899
vt 0.532430 0.685884
vt 0.532414 0.685897
vt 0.531275 0.687494
vt 0.531250 0.687455
vt 0.519871 0.281032
vt 0.557274 0.268880
vt 0.556288 0.312506
vt 0.556231 0.312526
vt 0.556250 0.312545
vt 0.555107 0.314101
vt 0.519617 0.280930
vt 0.519708 0.280676
vt 0.555138 0.314102
vt 0.557364 0.314101
vt 0.557431 0.314101
vt 0.567562 0.314102
vt 0.555131 0.685884
vt 0.557363 0.685883
vt 0.555101 0.685900
vt 0.555136 0.685899
vt 0.556230 0.687472
vt 0.555047 0.685899
vt 0.544930 0.685884
vt 0.544914 0.685897
vt 0.543775 0.687494
vt 0.543750 0.687455
vt 0.557459 0.268785
vt 0.589275 0.245669
vt 0.568788 0.312506
vt 0.568731 0.312526
vt 0.568750 0.312545
vt 0.567607 0.314101
vt 0.557185 0.268765
vt 0.557193 0.268497
vt 0.567638 0.314102
vt 0.569864 0.314101
vt 0.569931 0.314101
vt 0.580061 0.314102
vt 0.567631 0.685884
vt 0.569863 0.685883
vt 0.567601 0.685900
vt 0.567636 0.685899
vt 0.568730 0.687472
vt 0.567547 0.685899
vt 0.557430 0.685884
vt 0.557414 0.685897
vt 0.556275 0.687494
vt 0.556250 0.687455
vt 0.589421 0.245521
vt 0.612538 0.213705
vt 0.581288 0.312506
vt 0.581231 0.312526
vt 0.581250 0.312545
vt 0.580107 0.314101
vt 0.589156 0.245587
vt 0.589080 0.245330
vt 0.580138 0.314102
vt 0.582364 0.314101
vt 0.582431 0.314101
vt 0.592561 0.314102
vt 0.580131 0.685884
vt 0.582363 0.685883
vt 0.580101 0.685900
vt 0.580136 0.685899
vt 0.581230 0.687472
vt 0.580047 0.685899
vt 0.569930 0.685884
vt 0.569914 0.685897
vt 0.568775 0.687494
vt 0.568750 0.687455
vt 0.612631 0.213519
vt 0.624785 0.176117
vt 0.593788 0.312506
vt 0.593731 0.312526
vt 0.593750 0.312545
vt 0.592607 0.314101
vt 0.612399 0.213664
vt 0.612247 0.213443
vt 0.624427 0.175957
vt 0.592638 0.314102
vt 0.594864 0.314101
vt 0.594931 0.314101
vt 0.605061 0.314102
vt 0.592631 0.685884
vt 0.594863 0.685883
vt 0.592601 0.685900
vt 0.592636 0.685899
vt 0.593730 0.687472
vt 0.592547 0.685899
vt 0.582430 0.685884
vt 0.582414 0.685897
vt 0.581275 0.687494
vt 0.581250 0.687455
vt 0.606288 0.312506
vt 0.607431 0.314101
vt 0.606231 0.312526
vt 0.606250 0.312545
vt 0.605107 0.314101
vt 0.624639 0.176121
vt 0.624680 0.175867
vt 0.605138 0.314102
vt 0.607364 0.314101
vt 0.607435 0.314114
vt 0.605131 0.685884
vt 0.607363 0.685883
vt 0.605101 0.685900
vt 0.605136 0.685899
vt 0.606230 0.687472
vt 0.605047 0.685899
vt 0.594930 0.685884
vt 0.594914 0.685897
vt 0.593775 0.687494
vt 0.593750 0.687455
vt 0.617601 0.685900
vt 0.617636 0.685899
vt 0.618750 0.687455
vt 0.618730 0.687472
vt 0.617547 0.685899
vt 0.607430 0.685884
vt 0.607414 0.685897
vt 0.606275 0.687494
vt 0.606250 0.687455
vt 0.624816 0.863411
vt 0.624816 0.824089
vt 0.624784 0.863617
vt 0.612631 0.901019
vt 0.624639 0.863621
vt 0.612535 0.901209
vt 0.589421 0.933021
vt 0.612399 0.901164
vt 0.612247 0.900943
vt 0.624427 0.863457
vt 0.589271 0.933172
vt 0.557459 0.956285
vt 0.589155 0.933087
vt 0.589338 0.932912
vt 0.557269 0.956382
vt 0.519871 0.968532
vt 0.557185 0.956265
vt 0.557413 0.956155
vt 0.519661 0.968566
vt 0.480339 0.968566
vt 0.519617 0.968430
vt 0.519868 0.968395
vt 0.480128 0.968533
vt 0.442731 0.956381
vt 0.480129 0.968389
vt 0.480378 0.968434
vt 0.442541 0.956285
vt 0.410729 0.933171
vt 0.442586 0.956149
vt 0.442809 0.956268
vt 0.410578 0.933021
vt 0.387466 0.901209
vt 0.410663 0.932905
vt 0.410838 0.933088
vt 0.387368 0.901019
vt 0.375218 0.863621
vt 0.387485 0.900935
vt 0.387595 0.901163
vt 0.375184 0.863411
vt 0.375184 0.824089
vt 0.375321 0.863367
vt 0.375355 0.863618
vt 0.375217 0.823878
vt 0.387369 0.786481
vt 0.375361 0.823879
vt 0.375316 0.824128
vt 0.387465 0.786291
vt 0.410579 0.754479
vt 0.387601 0.786336
vt 0.387482 0.786559
vt 0.410729 0.754328
vt 0.442541 0.731215
vt 0.410845 0.754413
vt 0.410662 0.754588
vt 0.442731 0.731118
vt 0.480129 0.718968
vt 0.442815 0.731235
vt 0.442587 0.731345
vt 0.480339 0.718934
vt 0.519661 0.718934
vt 0.480383 0.719070
vt 0.480132 0.719105
vt 0.519872 0.718967
vt 0.557269 0.731119
vt 0.519871 0.719111
vt 0.519622 0.719066
vt 0.557459 0.731215
vt 0.589271 0.754328
vt 0.557414 0.731351
vt 0.557191 0.731232
vt 0.589422 0.754479
vt 0.612535 0.786291
vt 0.589337 0.754594
vt 0.589162 0.754412
vt 0.612632 0.786481
vt 0.624782 0.823879
vt 0.612515 0.786565
vt 0.612405 0.786337
vt 0.624427 0.824043
vt 0.624680 0.824133
vt 0.624645 0.823882
vt 0.624645 0.136382
vt 0.380079 0.685886
vt 0.619864 0.314101
vt 0.612399 0.098836
vt 0.382436 0.314114
vt 0.392570 0.314115
vt 0.392561 0.685884
vt 0.589155 0.066913
vt 0.394936 0.314114
vt 0.405070 0.314115
vt 0.405061 0.685884
vt 0.557185 0.043735
vt 0.407436 0.314114
vt 0.417570 0.314115
vt 0.417561 0.685884
vt 0.519617 0.031570
vt 0.419936 0.314114
vt 0.430070 0.314115
vt 0.430061 0.685884
vt 0.480129 0.031611
vt 0.432436 0.314114
vt 0.442570 0.314115
vt 0.442561 0.685884
vt 0.442586 0.043851
vt 0.444936 0.314114
vt 0.455070 0.314115
vt 0.455061 0.685884
vt 0.410663 0.067095
vt 0.457435 0.314114
vt 0.467570 0.314115
vt 0.467561 0.685884
vt 0.387485 0.099065
vt 0.469936 0.314114
vt 0.480070 0.314115
vt 0.480061 0.685884
vt 0.375321 0.136633
vt 0.482436 0.314114
vt 0.492570 0.314115
vt 0.492561 0.685884
vt 0.375361 0.176121
vt 0.494936 0.314114
vt 0.505070 0.314115
vt 0.505061 0.685884
vt 0.387601 0.213664
vt 0.507436 0.314114
vt 0.517569 0.314115
vt 0.517561 0.685884
vt 0.410845 0.245587
vt 0.519935 0.314114
vt 0.530070 0.314115
vt 0.530061 0.685884
vt 0.442815 0.268765
vt 0.532435 0.314114
vt 0.542569 0.314115
vt 0.542561 0.685884
vt 0.480383 0.280930
vt 0.544935 0.314114
vt 0.555070 0.314115
vt 0.555061 0.685884
vt 0.519871 0.280889
vt 0.557435 0.314114
vt 0.567570 0.314115
vt 0.567561 0.685884
vt 0.557414 0.268649
vt 0.569935 0.314114
vt 0.580069 0.314115
vt 0.580061 0.685884
vt 0.589337 0.245406
vt 0.582435 0.314114
vt 0.592570 0.314115
vt 0.592561 0.685884
vt 0.612515 0.213435
vt 0.594935 0.314114
vt 0.605070 0.314115
vt 0.605061 0.685884
vt 0.617561 0.685884
vt 0.612518 0.900941
vt 0.619859 0.685898
vt 0.382362 0.685897
vt 0.394862 0.685897
vt 0.407362 0.685897
vt 0.419862 0.685897
vt 0.432362 0.685897
vt 0.444862 0.685897
vt 0.457362 0.685897
vt 0.469862 0.685897
vt 0.482362 0.685897
vt 0.494862 0.685897
vt 0.507362 0.685897
vt 0.519862 0.685897
vt 0.532362 0.685897
vt 0.544862 0.685897
vt 0.557362 0.685897
vt 0.569862 0.685897
vt 0.582362 0.685897
vt 0.594862 0.685897
vt 0.607362 0.685897
vt 0.624680 0.863367
vt 0.380134 0.314135
vt 0.382372 0.314107
vt 0.392633 0.314135
vt 0.394872 0.314107
vt 0.405134 0.314135
vt 0.407372 0.314107
vt 0.417634 0.314135
vt 0.419871 0.314107
vt 0.430134 0.314135
vt 0.432371 0.314107
vt 0.442634 0.314135
vt 0.444872 0.314107
vt 0.455133 0.314135
vt 0.457372 0.314107
vt 0.467634 0.314135
vt 0.469872 0.314107
vt 0.480134 0.314135
vt 0.482371 0.314107
vt 0.492634 0.314135
vt 0.494871 0.314107
vt 0.505134 0.314135
vt 0.507371 0.314107
vt 0.517633 0.314135
vt 0.519871 0.314107
vt 0.530134 0.314135
vt 0.532371 0.314107
vt 0.542633 0.314135
vt 0.544871 0.314107
vt 0.555134 0.314135
vt 0.557371 0.314107
vt 0.567634 0.314135
vt 0.569871 0.314107
vt 0.580133 0.314135
vt 0.582371 0.314107
vt 0.592633 0.314135
vt 0.594871 0.314107
vt 0.605134 0.314135
vt 0.607371 0.314107
vt 0.619868 0.314107
vt 0.619863 0.685883
vt 0.380084 0.314102
vt 0.375017 0.312506
vt 0.387497 0.312505
vt 0.399997 0.312505
vt 0.412497 0.312505
vt 0.424997 0.312505
vt 0.437497 0.312505
vt 0.449997 0.312505
vt 0.462497 0.312505
vt 0.474997 0.312505
vt 0.487497 0.312505
vt 0.499997 0.312505
vt 0.512497 0.312505
vt 0.524997 0.312505
vt 0.537497 0.312505
vt 0.549997 0.312505
vt 0.562497 0.312505
vt 0.574997 0.312505
vt 0.587497 0.312505
vt 0.599997 0.312505
vt 0.612497 0.312506
vt 0.617561 0.314102
vt 0.375020 0.687496
vt 0.381229 0.687496
vt 0.387484 0.687494
vt 0.399984 0.687494
vt 0.412484 0.687494
vt 0.424984 0.687494
vt 0.437484 0.687494
vt 0.449984 0.687494
vt 0.462484 0.687494
vt 0.474984 0.687494
vt 0.487484 0.687494
vt 0.499984 0.687494
vt 0.512484 0.687494
vt 0.524984 0.687494
vt 0.537484 0.687494
vt 0.549984 0.687494
vt 0.562483 0.687494
vt 0.574983 0.687494
vt 0.587483 0.687494
vt 0.599983 0.687494
vt 0.612483 0.687494
vt 0.589080 0.932830
vt 0.557193 0.955997
vt 0.519707 0.968177
vt 0.480292 0.968177
vt 0.442807 0.955997
vt 0.410921 0.932829
vt 0.387753 0.900943
vt 0.375574 0.863457
vt 0.375573 0.824043
vt 0.387754 0.786557
vt 0.410920 0.754670
vt 0.442807 0.731503
vt 0.480293 0.719323
vt 0.519707 0.719323
vt 0.557193 0.731503
vt 0.589080 0.754670
vt 0.612247 0.786557
vt 0.612599 0.098878
vt 0.612599 0.098878
vt 0.624782 0.136379
vt 0.624816 0.136481
vt 0.624816 0.136481
vt 0.375000 0.313658
vt 0.375000 0.313666
vt 0.375060 0.686349
vt 0.375039 0.686345
vt 0.589359 0.066891
vt 0.589359 0.066891
vt 0.557372 0.043651
vt 0.557372 0.043651
vt 0.519769 0.031434
vt 0.519769 0.031434
vt 0.480231 0.031434
vt 0.480231 0.031434
vt 0.442628 0.043651
vt 0.442628 0.043651
vt 0.410641 0.066891
vt 0.410641 0.066891
vt 0.387402 0.098878
vt 0.387402 0.098878
vt 0.375184 0.136481
vt 0.375184 0.136481
vt 0.375184 0.176019
vt 0.375184 0.176019
vt 0.387402 0.213622
vt 0.387402 0.213622
vt 0.410641 0.245609
vt 0.410641 0.245609
vt 0.442628 0.268849
vt 0.442628 0.268849
vt 0.480231 0.281066
vt 0.480231 0.281066
vt 0.519769 0.281066
vt 0.519769 0.281066
vt 0.557372 0.268848
vt 0.557372 0.268848
vt 0.589359 0.245609
vt 0.589359 0.245609
vt 0.612599 0.213622
vt 0.612599 0.213622
vt 0.624816 0.176019
vt 0.624816 0.176019
vt 0.624816 0.863519
vt 0.624816 0.863519
vt 0.612599 0.901122
vt 0.612599 0.901122
vt 0.589359 0.933109
vt 0.589359 0.933109
vt 0.557372 0.956348
vt 0.557372 0.956348
vt 0.519769 0.968566
vt 0.519769 0.968566
vt 0.480231 0.968566
vt 0.480231 0.968566
vt 0.442628 0.956349
vt 0.442628 0.956349
vt 0.410641 0.933109
vt 0.410641 0.933109
vt 0.387402 0.901122
vt 0.387402 0.901122
vt 0.375184 0.863519
vt 0.375184 0.863519
vt 0.375184 0.823981
vt 0.375184 0.823981
vt 0.387401 0.786378
vt 0.387402 0.786378
vt 0.410641 0.754391
vt 0.410641 0.754391
vt 0.442628 0.731152
vt 0.442628 0.731151
vt 0.480231 0.718934
vt 0.480231 0.718934
vt 0.519769 0.718934
vt 0.519769 0.718934
vt 0.557372 0.731151
vt 0.557372 0.731151
vt 0.589359 0.754391
vt 0.589359 0.754391
vt 0.612598 0.786378
vt 0.612599 0.786378
vt 0.624816 0.823981
vt 0.624816 0.823981
vt 0.624427 0.175957
vt 0.612247 0.213443
vt 0.589080 0.245330
vt 0.557193 0.268497
vt 0.519708 0.280676
vt 0.480293 0.280677
vt 0.442807 0.268497
vt 0.410921 0.245329
vt 0.387753 0.213443
vt 0.375573 0.175957
vt 0.375573 0.136543
vt 0.387752 0.099057
vt 0.410920 0.067170
vt 0.442807 0.044003
vt 0.480292 0.031823
vt 0.519707 0.031823
vt 0.557193 0.044003
vt 0.589080 0.067170
vt 0.612247 0.099057
vt 0.624427 0.136543
vn 0.698108 -0.504189 -0.508368
vn 0.143887 -0.984170 -0.103470
vn 0.144447 -0.983819 -0.106000
vn 0.698913 -0.504134 -0.507315
vn 0.766606 -0.515479 -0.382879
vn 0.749282 -0.373453 -0.546909
vn 0.845973 -0.277199 -0.455511
vn 0.821491 -0.504104 -0.266517
vn 0.866197 -0.277396 -0.415636
vn 0.883044 -0.372811 -0.285036
vn 0.170045 -0.983835 -0.056162
vn 0.821035 -0.504188 -0.267761
vn 0.169009 -0.984140 -0.053889
vn 0.181529 -0.983385 -0.000874
vn 0.863595 -0.504186 0.000434
vn 0.863594 -0.504187 -0.000911
vn 0.181437 -0.983402 0.000828
vn 0.847271 -0.515298 -0.128839
vn 0.881366 -0.374104 -0.288515
vn 0.945115 -0.277871 -0.171889
vn 0.952173 -0.277579 -0.127732
vn 0.927921 -0.372773 0.001791
vn 0.000000 -1.000000 0.000000
vn 0.000000 -1.000000 0.000000
vn 0.000000 -1.000000 0.000000
vn 0.000000 -1.000000 0.000000
vn 0.950896 -0.000016 -0.309510
vn 0.892035 -0.000016 -0.451966
vn 0.892035 0.000014 -0.451966
vn 0.950896 0.000017 -0.309509
vn 0.951224 -0.000017 -0.308501
vn 0.890020 -0.000016 -0.455922
vn 0.809321 -0.000017 -0.587366
vn 0.809321 0.000015 -0.587367
vn 0.890019 0.000015 -0.455924
vn 0.751733 -0.372842 -0.543955
vn 0.808712 -0.000016 -0.588205
vn 0.987331 -0.000016 -0.158677
vn 0.988041 -0.000016 -0.154189
vn 0.951224 0.000014 -0.308501
vn 0.987330 0.000014 -0.158679
vn 0.623882 0.714769 -0.316031
vn 0.620346 0.715041 -0.322316
vn 0.658146 0.721862 -0.213911
vn 0.616471 0.721480 -0.315325
vn 0.654930 0.725157 -0.212635
vn 0.658624 0.721583 -0.213382
vn 0.689877 0.714732 -0.115008
vn 0.691019 0.714761 -0.107748
vn 0.988042 0.000014 -0.154188
vn 0.655052 0.725099 -0.212459
vn 0.683635 0.721462 -0.110165
vn 1.000000 -0.000016 -0.000518
vn 1.000000 0.000016 -0.000517
vn 1.000000 -0.000017 0.000519
vn 0.927650 -0.373446 -0.002019
vn 0.506842 -0.504199 -0.699210
vn 0.104868 -0.984169 -0.142880
vn 0.104617 -0.983817 -0.145464
vn 0.507934 -0.504143 -0.698457
vn 0.610661 -0.515425 -0.601191
vn 0.543607 -0.373447 -0.751684
vn 0.663793 -0.277219 -0.694643
vn 0.695358 -0.277378 -0.662977
vn 0.000000 -1.000000 0.000000
vn 0.708712 -0.000016 -0.705498
vn 0.708712 0.000014 -0.705498
vn 0.808712 0.000016 -0.588205
vn 0.705571 -0.000016 -0.708640
vn 0.588204 -0.000016 -0.808712
vn 0.588204 0.000015 -0.808713
vn 0.705569 0.000015 -0.708641
vn 0.546846 -0.372864 -0.749621
vn 0.587365 -0.000016 -0.809322
vn 0.495678 0.714752 -0.493389
vn 0.490362 0.715025 -0.498282
vn 0.559830 0.721864 -0.406820
vn 0.488757 0.721386 -0.490630
vn 0.557165 0.725161 -0.404609
vn 0.560333 0.721719 -0.406384
vn 0.557304 0.725140 -0.404456
vn 0.265964 -0.504212 -0.821604
vn 0.055586 -0.984261 -0.167754
vn 0.054548 -0.983911 -0.170126
vn 0.267235 -0.504156 -0.821226
vn 0.395083 -0.515476 -0.760390
vn 0.284717 -0.373441 -0.882880
vn 0.416648 -0.277243 -0.865760
vn 0.456459 -0.277367 -0.845407
vn 0.000000 -1.000000 0.000000
vn 0.456013 -0.000016 -0.889973
vn 0.456014 0.000014 -0.889973
vn 0.587366 0.000016 -0.809322
vn 0.452058 -0.000016 -0.891989
vn 0.309510 -0.000016 -0.950896
vn 0.309509 0.000015 -0.950896
vn 0.452056 0.000015 -0.891989
vn 0.288432 -0.372880 -0.881911
vn 0.308523 -0.000016 -0.951217
vn 0.318977 0.714770 -0.622381
vn 0.312403 0.715045 -0.625392
vn 0.406715 0.721864 -0.559906
vn 0.313328 0.721446 -0.617528
vn 0.404864 0.725162 -0.556979
vn 0.407326 0.721717 -0.559651
vn 0.405043 0.725141 -0.556877
vn -0.000942 -0.504226 -0.863571
vn 0.000853 -0.984226 -0.176912
vn -0.000870 -0.983875 -0.178854
vn 0.000383 -0.504171 -0.863604
vn 0.140793 -0.515487 -0.845252
vn -0.002042 -0.373447 -0.927649
vn 0.128714 -0.277256 -0.952135
vn 0.172875 -0.277365 -0.945084
vn 0.000000 -1.000000 0.000000
vn 0.158678 -0.000016 -0.987330
vn 0.158679 0.000014 -0.987330
vn 0.308524 0.000016 -0.951217
vn 0.154292 -0.000016 -0.988025
vn 0.000518 -0.000016 -1.000000
vn 0.000518 0.000015 -1.000000
vn 0.154290 0.000015 -0.988026
vn 0.001791 -0.372898 -0.927871
vn -0.000518 -0.000016 -1.000000
vn 0.111041 0.714778 -0.690479
vn 0.103852 0.715041 -0.691325
vn 0.213789 0.721865 -0.658183
vn 0.107185 0.721460 -0.684110
vn 0.212932 0.725163 -0.654827
vn 0.214449 0.721719 -0.658128
vn 0.213134 0.725141 -0.654785
vn -0.267751 -0.504247 -0.821002
vn -0.053965 -0.984262 -0.168274
vn -0.056203 -0.983913 -0.169575
vn -0.266500 -0.504191 -0.821443
vn -0.127298 -0.515514 -0.847372
vn -0.288599 -0.373457 -0.881612
vn -0.171809 -0.277270 -0.945306
vn -0.127636 -0.277368 -0.952248
vn 0.000000 -1.000000 0.000000
vn -0.154191 -0.000016 -0.988041
vn -0.154191 0.000014 -0.988041
vn -0.000518 0.000016 -1.000000
vn -0.158577 -0.000016 -0.987347
vn -0.308525 -0.000016 -0.951216
vn -0.308525 0.000015 -0.951216
vn -0.158579 0.000015 -0.987346
vn -0.285023 -0.372914 -0.883005
vn -0.309511 -0.000016 -0.950896
vn -0.107767 0.714777 -0.690999
vn -0.114868 0.715041 -0.689580
vn -0.000065 0.721864 -0.692035
vn -0.109477 0.721456 -0.683751
vn 0.000156 0.725166 -0.688574
vn 0.000579 0.721718 -0.692187
vn 0.000361 0.725144 -0.688597
vn -0.508345 -0.504264 -0.698071
vn -0.103493 -0.984171 -0.143862
vn -0.106027 -0.983819 -0.144421
vn -0.507291 -0.504209 -0.698877
vn -0.382951 -0.515545 -0.766526
vn -0.546905 -0.373470 -0.749277
vn -0.455513 -0.277277 -0.845946
vn -0.415653 -0.277374 -0.866197
vn 0.000000 -1.000000 0.000000
vn -0.451966 -0.000015 -0.892035
vn -0.451966 0.000014 -0.892035
vn -0.309510 0.000016 -0.950896
vn -0.455922 -0.000015 -0.890020
vn -0.587366 -0.000016 -0.809322
vn -0.587366 0.000015 -0.809321
vn -0.455924 0.000015 -0.890019
vn -0.543935 -0.372922 -0.751707
vn -0.588205 -0.000016 -0.808712
vn -0.316027 0.714774 -0.623879
vn -0.322337 0.715028 -0.620350
vn -0.213913 0.721865 -0.658143
vn -0.315400 0.721432 -0.616489
vn -0.212635 0.725165 -0.654922
vn -0.213348 0.721719 -0.658487
vn -0.212447 0.725143 -0.655007
vn -0.699172 -0.504278 -0.506815
vn -0.142899 -0.984171 -0.104821
vn -0.145484 -0.983819 -0.104568
vn -0.698420 -0.504223 -0.507907
vn -0.601075 -0.515566 -0.610656
vn -0.751670 -0.373489 -0.543597
vn -0.694630 -0.277278 -0.663781
vn -0.662977 -0.277389 -0.695354
vn 0.000000 -1.000000 0.000000
vn -0.705501 -0.000015 -0.708709
vn -0.705500 0.000014 -0.708709
vn -0.588205 0.000017 -0.808712
vn -0.708641 -0.000015 -0.705570
vn -0.808712 -0.000015 -0.588204
vn -0.808713 0.000016 -0.588204
vn -0.708642 0.000016 -0.705568
vn -0.749601 -0.372929 -0.546829
vn -0.809322 -0.000015 -0.587365
vn -0.493350 0.714768 -0.495694
vn -0.498252 0.715027 -0.490389
vn -0.406822 0.721865 -0.559828
vn -0.490432 0.721394 -0.488945
vn -0.404611 0.725162 -0.557162
vn -0.406390 0.721719 -0.560330
vn -0.404459 0.725140 -0.557301
vn -0.821560 -0.504291 -0.265950
vn -0.168318 -0.984167 -0.055542
vn -0.170699 -0.983815 -0.054505
vn -0.821182 -0.504235 -0.267222
vn -0.760409 -0.515603 -0.394883
vn -0.882856 -0.373504 -0.284710
vn -0.865753 -0.277276 -0.416642
vn -0.845398 -0.277401 -0.456455
vn 0.000000 -1.000000 0.000000
vn -0.889973 -0.000015 -0.456013
vn -0.889973 0.000015 -0.456014
vn -0.809322 0.000017 -0.587366
vn -0.891989 -0.000015 -0.452057
vn -0.950896 -0.000015 -0.309510
vn -0.950896 0.000016 -0.309509
vn -0.891990 0.000016 -0.452055
vn -0.881892 -0.372929 -0.288427
vn -0.951217 -0.000015 -0.308524
vn -0.622382 0.714773 -0.318969
vn -0.625403 0.715036 -0.312401
vn -0.559905 0.721863 -0.406719
vn -0.617524 0.721473 -0.313273
vn -0.556979 0.725159 -0.404868
vn -0.559649 0.721715 -0.407333
vn -0.556877 0.725137 -0.405048
vn -0.863529 -0.504298 0.000940
vn -0.177255 -0.984164 -0.000849
vn -0.179198 -0.983813 0.000868
vn -0.863561 -0.504243 -0.000385
vn -0.845195 -0.515563 -0.140854
vn -0.927620 -0.373520 0.002039
vn -0.952129 -0.277266 -0.128739
vn -0.945069 -0.277417 -0.172868
vn 0.000000 -1.000000 0.000000
vn -0.987330 -0.000015 -0.158678
vn -0.987330 0.000015 -0.158678
vn -0.951217 0.000017 -0.308524
vn -0.988025 -0.000015 -0.154292
vn -1.000000 -0.000015 -0.000518
vn -1.000000 0.000016 -0.000518
vn -0.988026 0.000016 -0.154290
vn -0.927861 -0.372923 -0.001790
vn -1.000000 -0.000015 0.000519
vn -0.690486 0.714769 -0.111058
vn -0.691329 0.715033 -0.103883
vn -0.658183 0.721863 -0.213795
vn -0.684083 0.721426 -0.107584
vn -0.654829 0.725160 -0.212935
vn -0.658130 0.721717 -0.214451
vn -0.654788 0.725139 -0.213136
vn -0.820972 -0.504300 0.267742
vn -0.168844 -0.984165 0.053952
vn -0.170159 -0.983813 0.056203
vn -0.821413 -0.504245 0.266491
vn -0.847325 -0.515569 0.127392
vn -0.881582 -0.373534 0.288592
vn -0.945311 -0.277252 0.171810
vn -0.952227 -0.277434 0.127647
vn 0.000000 -1.000000 0.000000
vn -0.988041 -0.000015 0.154191
vn -0.988041 0.000015 0.154191
vn -1.000000 0.000017 0.000518
vn -0.987347 -0.000015 0.158577
vn -0.951217 -0.000015 0.308524
vn -0.951216 0.000016 0.308524
vn -0.987346 0.000016 0.158580
vn -0.883005 -0.372911 0.285025
vn -0.950896 -0.000015 0.309510
vn -0.691006 0.714772 0.107758
vn -0.689587 0.715037 0.114859
vn -0.692035 0.721864 0.000070
vn -0.683738 0.721444 0.109642
vn -0.688580 0.725161 -0.000153
vn -0.692187 0.721718 -0.000582
vn -0.688602 0.725139 -0.000360
vn -0.698057 -0.504297 0.508332
vn -0.143909 -0.984165 0.103486
vn -0.144471 -0.983813 0.106018
vn -0.698862 -0.504242 0.507279
vn -0.766545 -0.515588 0.382854
vn -0.749252 -0.373545 0.546887
vn -0.845965 -0.277236 0.455503
vn -0.866183 -0.277451 0.415629
vn 0.000000 -1.000000 0.000000
vn -0.892035 -0.000015 0.451967
vn -0.892035 0.000015 0.451966
vn -0.950896 0.000017 0.309510
vn -0.890019 -0.000015 0.455923
vn -0.809321 -0.000015 0.587366
vn -0.809321 0.000016 0.587366
vn -0.890018 0.000016 0.455925
vn -0.751715 -0.372893 0.543944
vn -0.808712 -0.000015 0.588205
vn -0.623883 0.714769 0.316031
vn -0.620344 0.715042 0.322316
vn -0.658145 0.721863 0.213914
vn -0.616468 0.721482 0.315326
vn -0.654926 0.725160 0.212636
vn -0.658488 0.721717 0.213350
vn -0.655011 0.725139 0.212449
vn -0.506811 -0.504287 0.699169
vn -0.104879 -0.984165 0.142896
vn -0.104628 -0.983813 0.145479
vn -0.507902 -0.504232 0.698416
vn -0.610636 -0.515540 0.601118
vn -0.543581 -0.373552 0.751651
vn -0.663809 -0.277216 0.694629
vn -0.695349 -0.277465 0.662951
vn 0.000000 -1.000000 0.000000
vn -0.708711 -0.000015 0.705499
vn -0.708711 0.000015 0.705499
vn -0.808712 0.000017 0.588205
vn -0.705571 -0.000015 0.708639
vn -0.588204 -0.000015 0.808713
vn -0.588204 0.000016 0.808713
vn -0.705569 0.000016 0.708641
vn -0.546842 -0.372872 0.749620
vn -0.587365 -0.000015 0.809322
vn -0.495678 0.714752 0.493390
vn -0.490363 0.715023 0.498283
vn -0.559830 0.721864 0.406820
vn -0.488766 0.721386 0.490622
vn -0.557165 0.725161 0.404610
vn -0.560333 0.721719 0.406384
vn -0.557304 0.725140 0.404456
vn -0.265954 -0.504274 0.821569
vn -0.055592 -0.984257 0.167773
vn -0.054554 -0.983908 0.170143
vn -0.267225 -0.504219 0.821190
vn -0.395050 -0.515550 0.760357
vn -0.284703 -0.373554 0.882837
vn -0.416671 -0.277192 0.865766
vn -0.456456 -0.277476 0.845372
vn 0.000000 -1.000000 0.000000
vn -0.456014 -0.000015 0.889973
vn -0.456014 0.000015 0.889972
vn -0.587366 0.000017 0.809322
vn -0.452059 -0.000015 0.891988
vn -0.309510 -0.000015 0.950896
vn -0.309509 0.000016 0.950896
vn -0.452057 0.000016 0.891989
vn -0.288434 -0.372854 0.881922
vn -0.308524 -0.000015 0.951217
vn -0.318978 0.714767 0.622384
vn -0.312402 0.715044 0.625394
vn -0.406715 0.721864 0.559906
vn -0.313323 0.721443 0.617534
vn -0.404864 0.725162 0.556979
vn -0.407326 0.721718 0.559651
vn -0.405043 0.725140 0.556877
vn 0.000942 -0.504257 0.863553
vn -0.000853 -0.984222 0.176933
vn -0.016509 -0.990200 0.138675
vn -0.000684 -0.503734 0.863859
vn -0.140731 -0.515531 0.845235
vn 0.002043 -0.373549 0.927608
vn -0.128736 -0.277176 0.952156
vn -0.172881 -0.277478 0.945049
vn 0.000000 -1.000000 0.000000
vn -0.158678 -0.000015 0.987330
vn -0.158679 0.000014 0.987330
vn -0.308524 0.000017 0.951217
vn -0.154290 -0.000015 0.988026
vn -0.000518 -0.000016 1.000000
vn -0.000518 0.000015 1.000000
vn -0.154288 0.000016 0.988026
vn -0.001789 -0.372837 0.927895
vn 0.000518 -0.000016 1.000000
vn -0.111041 0.714777 0.690481
vn -0.103850 0.715040 0.691327
vn -0.213789 0.721865 0.658183
vn -0.107180 0.721461 0.684110
vn -0.212932 0.725163 0.654827
vn -0.214448 0.721719 0.658128
vn -0.213134 0.725141 0.654786
vn 0.269693 -0.502097 0.821684
vn 0.072116 -0.972467 0.221603
vn 0.072311 -0.972442 0.221647
vn 0.265195 -0.502102 0.823143
vn -0.931146 0.219671 -0.291054
vn 0.286962 -0.384278 0.877487
vn 0.142797 -0.212083 0.966762
vn 0.127614 -0.277479 0.952218
vn 0.000000 -1.000000 0.000000
vn 0.154192 -0.000016 0.988041
vn 0.154191 0.000014 0.988041
vn 0.000518 0.000017 1.000000
vn 0.158578 -0.000015 0.987346
vn 0.308524 -0.000016 0.951217
vn 0.308524 0.000015 0.951216
vn 0.158580 0.000015 0.987346
vn 0.283975 -0.383456 0.878817
vn 0.309510 -0.000016 0.950896
vn 0.107771 0.714777 0.690999
vn 0.114866 0.715041 0.689581
vn 0.000065 0.721864 0.692035
vn 0.109484 0.721455 0.683752
vn -0.000157 0.725166 0.688575
vn -0.000579 0.721718 0.692187
vn -0.000362 0.725144 0.688597
vn 0.508756 -0.503761 0.698135
vn 0.093511 -0.990640 0.099435
vn 0.106038 -0.983816 0.144436
vn 0.507305 -0.504167 0.698897
vn 0.561225 0.229272 -0.795274
vn 0.546891 -0.373527 0.749258
vn 0.455514 -0.277155 0.845986
vn 0.449694 -0.215783 0.866726
vn 0.000000 -1.000000 0.000000
vn 0.451968 -0.000016 0.892034
vn 0.451967 0.000014 0.892035
vn 0.309510 0.000016 0.950896
vn 0.455923 -0.000016 0.890019
vn 0.587366 -0.000016 0.809321
vn 0.587366 0.000015 0.809321
vn 0.455925 0.000015 0.890018
vn 0.543960 -0.372814 0.751742
vn 0.588205 -0.000016 0.808712
vn 0.316030 0.714772 0.623880
vn 0.322335 0.715028 0.620351
vn 0.213913 0.721863 0.658145
vn 0.315421 0.721426 0.616485
vn 0.212635 0.725162 0.654925
vn 0.213347 0.721716 0.658490
vn 0.212447 0.725140 0.655010
vn 0.699206 -0.504205 0.506841
vn 0.142910 -0.984168 0.104829
vn 0.145494 -0.983817 0.104576
vn 0.698453 -0.504151 0.507933
vn 0.601093 -0.515496 0.610697
vn 0.751664 -0.373508 0.543593
vn 0.694645 -0.277157 0.663817
vn 0.662946 -0.277460 0.695355
vn 0.000000 -1.000000 0.000000
vn 0.705499 -0.000016 0.708710
vn 0.705499 0.000014 0.708711
vn 0.588205 0.000016 0.808712
vn 0.708639 -0.000016 0.705571
vn 0.808713 -0.000016 0.588204
vn 0.808713 0.000015 0.588204
vn 0.708641 0.000015 0.705570
vn 0.749640 -0.372806 0.546859
vn 0.809322 -0.000016 0.587365
vn 0.493348 0.714769 0.495695
vn 0.498253 0.715027 0.490388
vn 0.406822 0.721865 0.559828
vn 0.490436 0.721395 0.488939
vn 0.404611 0.725162 0.557162
vn 0.406390 0.721719 0.560330
vn 0.404459 0.725140 0.557301
vn 0.821613 -0.504194 0.265970
vn 0.168324 -0.984166 0.055544
vn 0.170705 -0.983813 0.054507
vn 0.821234 -0.504139 0.267242
vn 0.760430 -0.515494 0.394984
vn 0.882861 -0.373493 0.284710
vn 0.865783 -0.277159 0.416656
vn 0.845379 -0.277446 0.456463
vn 0.889973 -0.000016 0.456014
vn 0.889973 0.000014 0.456014
vn 0.809322 0.000016 0.587365
vn 0.891989 -0.000016 0.452058
vn 0.950896 -0.000016 0.309509
vn 0.950896 0.000015 0.309509
vn 0.891990 0.000015 0.452056
vn 0.881938 -0.372807 0.288443
vn 0.951217 -0.000016 0.308523
vn 0.622381 0.714773 0.318969
vn 0.625403 0.715036 0.312401
vn 0.559905 0.721863 0.406719
vn 0.617523 0.721476 0.313270
vn 0.556980 0.725159 0.404868
vn 0.559649 0.721715 0.407333
vn 0.556877 0.725137 0.405048
vn 0.845259 -0.515460 0.140849
vn 0.952159 -0.277166 0.128730
vn 0.945062 -0.277428 0.172894
vn 0.987330 -0.000016 0.158678
vn 0.987330 0.000014 0.158678
vn 0.951217 0.000016 0.308524
vn 0.988025 -0.000016 0.154292
vn 1.000000 0.000015 0.000519
vn 0.988026 0.000015 0.154289
vn 0.690486 0.714769 0.111058
vn 0.691329 0.715033 0.103884
vn 0.658183 0.721863 0.213795
vn 0.684084 0.721425 0.107583
vn 0.654830 0.725160 0.212935
vn 0.658130 0.721717 0.214451
vn 0.654788 0.725139 0.213136
vn 0.692035 0.721864 -0.000070
vn 0.688576 0.725165 0.000155
vn 0.692187 0.721718 0.000582
vn 0.688577 0.725163 0.000359
vn 0.180767 0.983526 -0.000827
vn 0.180854 0.983510 0.000871
vn 0.169773 0.983986 -0.054297
vn 0.167618 0.984287 -0.055528
vn 0.146710 0.983502 -0.105828
vn 0.145791 0.983469 -0.107393
vn 0.000000 1.000000 0.000000
vn 0.000000 1.000000 0.000000
vn 0.000000 1.000000 0.000000
vn 0.000000 1.000000 0.000000
vn 0.106934 0.983536 -0.145676
vn 0.105573 0.983503 -0.146890
vn 0.000000 1.000000 0.000000
vn 0.056685 0.983566 -0.171421
vn 0.055017 0.983532 -0.172156
vn 0.000000 1.000000 0.000000
vn 0.000883 0.983548 -0.180647
vn -0.000929 0.983514 -0.180827
vn 0.000000 1.000000 0.000000
vn -0.055005 0.983566 -0.171965
vn -0.056785 0.983534 -0.171573
vn 0.000000 1.000000 0.000000
vn -0.105510 0.983536 -0.146714
vn -0.107083 0.983503 -0.145795
vn 0.000000 1.000000 0.000000
vn -0.145690 0.983500 -0.107252
vn -0.146899 0.983467 -0.105893
vn 0.000000 1.000000 0.000000
vn -0.171612 0.983528 -0.056766
vn -0.172345 0.983495 -0.055090
vn 0.000000 1.000000 0.000000
vn -0.180732 0.983532 -0.000878
vn -0.180913 0.983499 0.000925
vn 0.000000 1.000000 0.000000
vn -0.172153 0.983528 0.055094
vn -0.171765 0.983494 0.056883
vn 0.000000 1.000000 0.000000
vn -0.146723 0.983499 0.105838
vn -0.145808 0.983465 0.107405
vn 0.000000 1.000000 0.000000
vn -0.106944 0.983533 0.145689
vn -0.105584 0.983499 0.146905
vn 0.000000 1.000000 0.000000
vn -0.056691 0.983562 0.171441
vn -0.055023 0.983529 0.172174
vn 0.000000 1.000000 0.000000
vn -0.000884 0.983544 0.180668
vn 0.000930 0.983511 0.180848
vn 0.000000 1.000000 0.000000
vn 0.055011 0.983563 0.171982
vn 0.056791 0.983530 0.171591
vn 0.000000 1.000000 0.000000
vn 0.105520 0.983533 0.146727
vn 0.107091 0.983500 0.145807
vn 0.000000 1.000000 0.000000
vn 0.145697 0.983498 0.107258
vn 0.146907 0.983465 0.105898
vn 0.000000 1.000000 0.000000
vn 0.171620 0.983526 0.056769
vn 0.172352 0.983494 0.055093
vn 0.000000 -1.000000 0.000000
vn 0.000000 -1.000000 0.000000
vn 0.000000 -1.000000 0.000000
vn 0.000000 -1.000000 0.000000
vn 0.000000 -1.000000 0.000000
vn 0.000000 -1.000000 0.000000
vn 0.000000 -1.000000 0.000000
vn 0.000000 -1.000000 0.000000
vn 0.000000 -1.000000 0.000000
vn 0.000000 -1.000000 0.000000
vn 0.000000 -1.000000 0.000000
vn 0.000000 -1.000000 0.000000
vn 0.000000 -1.000000 0.000000
vn 0.000000 -1.000000 0.000000
vn 0.000000 -1.000000 0.000000
vn 0.000000 -1.000000 0.000000
vn 0.000000 -1.000000 0.000000
vn 0.000000 -1.000000 0.000000
vn 0.000000 -1.000000 0.000000
vn 0.000000 -1.000000 0.000000
vn 0.415361 -0.907274 0.065794
vn 0.374703 -0.907274 0.190924
vn 0.374703 -0.907274 0.190924
vn 0.415361 -0.907274 0.065793
vn 0.297366 -0.907275 0.297365
vn 0.297366 -0.907275 0.297365
vn 0.190921 -0.907274 0.374705
vn 0.190920 -0.907274 0.374705
vn 0.065787 -0.907275 0.415360
vn 0.065787 -0.907275 0.415360
vn -0.065787 -0.907275 0.415361
vn -0.065787 -0.907275 0.415361
vn -0.190921 -0.907274 0.374704
vn -0.190921 -0.907274 0.374704
vn -0.297366 -0.907274 0.297367
vn -0.297366 -0.907274 0.297367
vn -0.374703 -0.907274 0.190924
vn -0.374703 -0.907274 0.190924
vn -0.415361 -0.907274 0.065790
vn -0.415361 -0.907274 0.065790
vn -0.415361 -0.907274 -0.065794
vn -0.415361 -0.907274 -0.065793
vn -0.374702 -0.907273 -0.190930
vn -0.374702 -0.907273 -0.190930
vn -0.297365 -0.907273 -0.297371
vn -0.297365 -0.907273 -0.297371
vn -0.190920 -0.907273 -0.374706
vn -0.190920 -0.907273 -0.374706
vn -0.065787 -0.907274 -0.415363
vn -0.065786 -0.907274 -0.415363
vn 0.065787 -0.907274 -0.415362
vn 0.065786 -0.907274 -0.415362
vn 0.190921 -0.907274 -0.374704
vn 0.190920 -0.907274 -0.374704
vn 0.297366 -0.907274 -0.297367
vn 0.297366 -0.907274 -0.297367
vn 0.374703 -0.907274 -0.190924
vn 0.374703 -0.907274 -0.190924
vn 0.415361 -0.907274 -0.065790
vn 0.415361 -0.907274 -0.065790
s 1
g pCylinder2
usemtl lambert2SG
f 161/243/321 165/767/322 200/285/323 199/244/324
f 162/247/325 161/245/321 179/264/326 178/263/327
f 163/246/328 162/247/325 175/262/329 174/902/330
f 164/249/331 163/248/328 168/964/332 167/764/333
f 166/252/334 170/250/335 571/251/336 575/660/337
f 169/256/338 168/253/332 182/254/339 181/766/340
f 170/255/335 169/256/338 195/266/341 194/257/342
f 171/258/343 166/252/334 575/660/337 576/639/344
f 167/764/333 171/258/343 172/259/345 164/249/331
f 165/767/322 172/259/345 202/286/346 200/285/323
f 173/260/347 176/862/348 188/269/349 187/765/350
f 174/902/330 173/260/347 183/267/351 182/261/339
f 176/862/348 175/262/329 178/263/327 177/863/352
f 177/863/352 180/768/353 217/297/354 216/270/355
f 180/768/353 179/264/326 204/265/356 203/769/357
f 181/766/340 184/900/358 196/276/359 195/266/341
f 184/968/358 183/267/351 190/273/360 189/268/361
f 185/271/362 188/269/349 216/270/355 215/842/363
f 186/272/364 185/271/362 609/300/365 608/925/366
f 187/765/350 186/272/364 191/969/367 190/273/360
f 189/901/361 192/841/368 593/675/369 596/277/370
f 192/841/368 191/274/367 603/275/371 602/676/372
f 193/278/373 196/276/359 596/277/370 595/839/374
f 194/923/342 193/278/373 584/663/375 583/655/376
f 197/279/377 201/771/378 222/307/379 221/280/380
f 198/283/381 197/281/377 209/289/382 208/288/383
f 199/282/324 198/283/381 205/287/384 204/284/356
f 201/771/378 202/286/346 224/308/385 222/307/379
f 203/769/357 206/864/386 214/291/387 213/770/388
f 206/864/386 205/287/384 208/288/383 207/865/389
f 207/865/389 210/772/390 239/319/391 238/292/392
f 210/772/390 209/289/382 226/290/393 225/773/394
f 211/294/395 214/291/387 238/292/392 237/843/396
f 212/293/397 211/294/395 616/322/398 615/295/399
f 213/770/388 212/296/397 218/298/400 217/297/354
f 215/842/363 218/298/400 610/299/401 609/300/365
f 219/301/402 223/775/403 244/329/404 243/302/405
f 220/305/406 219/303/402 231/311/407 230/310/408
f 221/304/380 220/305/406 227/309/409 226/306/393
f 223/775/403 224/308/385 246/330/410 244/329/404
f 225/773/394 228/866/411 236/313/412 235/774/413
f 228/866/411 227/309/409 230/310/408 229/867/414
f 229/867/414 232/776/415 261/341/416 260/314/417
f 232/776/415 231/311/407 248/312/418 247/777/419
f 233/316/420 236/313/412 260/314/417 259/844/421
f 234/315/422 233/316/420 622/344/423 621/317/424
f 235/774/413 234/318/422 240/320/425 239/319/391
f 237/843/396 240/320/425 617/321/426 616/322/398
f 241/323/427 245/779/428 266/351/429 265/324/430
f 242/327/431 241/325/427 253/333/432 252/332/433
f 243/326/405 242/327/431 249/331/434 248/328/418
f 245/779/428 246/330/410 268/352/435 266/351/429
f 247/777/419 250/868/436 258/335/437 257/778/438
f 250/868/436 249/331/434 252/332/433 251/869/439
f 251/869/439 254/780/440 283/363/441 282/336/442
f 254/780/440 253/333/432 270/334/443 269/781/444
f 255/338/445 258/335/437 282/336/442 281/845/446
f 256/337/447 255/338/445 628/366/448 627/339/449
f 257/778/438 256/340/447 262/342/450 261/341/416
f 259/844/421 262/342/450 623/343/451 622/344/423
f 263/345/452 267/783/453 288/373/454 287/346/455
f 264/349/456 263/347/452 275/355/457 274/354/458
f 265/348/430 264/349/456 271/353/459 270/350/443
f 267/783/453 268/352/435 290/374/460 288/373/454
f 269/781/444 272/870/461 280/357/462 279/782/463
f 272/870/461 271/353/459 274/354/458 273/871/464
f 273/871/464 276/784/465 305/385/466 304/358/467
f 276/784/465 275/355/457 292/356/468 291/785/469
f 277/360/470 280/357/462 304/358/467 303/846/471
f 278/359/472 277/360/470 634/388/473 633/361/474
f 279/782/463 278/362/472 284/364/475 283/363/441
f 281/845/446 284/364/475 629/365/476 628/366/448
f 285/367/477 289/787/478 310/395/479 309/368/480
f 286/371/481 285/369/477 297/377/482 296/376/483
f 287/370/455 286/371/481 293/375/484 292/372/468
f 289/787/478 290/374/460 312/396/485 310/395/479
f 291/785/469 294/872/486 302/379/487 301/786/488
f 294/872/486 293/375/484 296/376/483 295/873/489
f 295/873/489 298/788/490 327/407/491 326/380/492
f 298/788/490 297/377/482 314/378/493 313/789/494
f 299/382/495 302/379/487 326/380/492 325/847/496
f 300/381/497 299/382/495 640/410/498 639/383/499
f 301/786/488 300/384/497 306/386/500 305/385/466
f 303/846/471 306/386/500 635/387/501 634/388/473
f 307/389/502 311/791/503 332/417/504 331/390/505
f 308/393/506 307/391/502 319/399/507 318/398/508
f 309/392/480 308/393/506 315/397/509 314/394/493
f 311/791/503 312/396/485 334/418/510 332/417/504
f 313/789/494 316/874/511 324/401/512 323/790/513
f 316/874/511 315/397/509 318/398/508 317/875/514
f 317/875/514 320/792/515 349/429/516 348/402/517
f 320/792/515 319/399/507 336/400/518 335/793/519
f 321/404/520 324/401/512 348/402/517 347/848/521
f 322/403/522 321/404/520 646/432/523 645/405/524
f 323/790/513 322/406/522 328/408/525 327/407/491
f 325/847/496 328/408/525 641/409/526 640/410/498
f 329/411/527 333/795/528 354/439/529 353/412/530
f 330/415/531 329/413/527 341/421/532 340/420/533
f 331/414/505 330/415/531 337/419/534 336/416/518
f 333/795/528 334/418/510 356/440/535 354/439/529
f 335/793/519 338/876/536 346/423/537 345/794/538
f 338/876/536 337/419/534 340/420/533 339/877/539
f 339/877/539 342/796/540 371/451/541 370/424/542
f 342/796/540 341/421/532 358/422/543 357/797/544
f 343/426/545 346/423/537 370/424/542 369/849/546
f 344/425/547 343/426/545 652/454/548 651/427/549
f 345/794/538 344/428/547 350/430/550 349/429/516
f 347/848/521 350/430/550 647/431/551 646/432/523
f 351/433/552 355/799/553 376/461/554 375/434/555
f 352/437/556 351/435/552 363/443/557 362/442/558
f 353/436/530 352/437/556 359/441/559 358/438/543
f 355/799/553 356/440/535 378/462/560 376/461/554
f 357/797/544 360/878/561 368/445/562 367/798/563
f 360/878/561 359/441/559 362/442/558 361/879/564
f 361/879/564 364/800/565 393/473/566 392/446/567
f 364/800/565 363/443/557 380/444/568 379/801/569
f 365/448/570 368/445/562 392/446/567 391/850/571
f 366/447/572 365/448/570 658/476/573 657/449/574
f 367/798/563 366/450/572 372/452/575 371/451/541
f 369/849/546 372/452/575 653/453/576 652/454/548
f 373/455/577 377/803/578 398/483/579 397/456/580
f 374/459/581 373/457/577 385/465/582 384/464/583
f 375/458/555 374/459/581 381/463/584 380/460/568
f 377/803/578 378/462/560 400/484/585 398/483/579
f 379/801/569 382/880/586 390/467/587 389/802/588
f 382/880/586 381/463/584 384/464/583 383/881/589
f 383/881/589 386/804/590 415/495/591 414/468/592
f 386/804/590 385/465/582 402/466/593 401/805/594
f 387/470/595 390/467/587 414/468/592 413/851/596
f 388/469/597 387/470/595 664/498/598 663/471/599
f 389/802/588 388/472/597 394/474/600 393/473/566
f 391/850/571 394/474/600 659/475/601 658/476/573
f 395/477/602 399/807/603 420/505/604 419/478/605
f 396/481/606 395/479/602 407/487/607 406/486/608
f 397/480/580 396/481/606 403/485/609 402/482/593
f 399/807/603 400/484/585 422/506/610 420/505/604
f 401/805/594 404/882/611 412/489/612 411/806/613
f 404/882/611 403/485/609 406/486/608 405/883/614
f 405/883/614 408/808/615 437/517/616 436/490/617
f 408/808/615 407/487/607 424/488/618 423/809/619
f 409/492/620 412/489/612 436/490/617 435/852/621
f 410/491/622 409/492/620 670/520/623 669/493/624
f 411/806/613 410/494/622 416/496/625 415/495/591
f 413/851/596 416/496/625 665/497/626 664/498/598
f 417/499/627 421/811/628 442/527/629 441/500/630
f 418/503/631 417/501/627 429/509/632 428/508/633
f 419/502/605 418/503/631 425/507/634 424/504/618
f 421/811/628 422/506/610 444/528/635 442/527/629
f 423/809/619 426/884/636 434/511/637 433/810/638
f 426/884/636 425/507/634 428/508/633 427/885/639
f 427/885/639 430/812/640 459/539/641 458/512/642
f 430/812/640 429/509/632 446/510/643 445/813/644
f 431/514/645 434/511/637 458/512/642 457/853/646
f 432/513/647 431/514/645 676/542/648 675/515/649
f 433/810/638 432/516/647 438/518/650 437/517/616
f 435/852/621 438/518/650 671/519/651 670/520/623
f 439/521/652 443/815/653 464/549/654 463/522/655
f 440/525/656 439/523/652 451/531/657 450/530/658
f 441/524/630 440/525/656 447/529/659 446/526/643
f 443/815/653 444/528/635 466/550/660 464/549/654
f 445/813/644 448/886/661 456/533/662 455/814/663
f 448/886/661 447/529/659 450/530/658 449/887/664
f 449/887/664 452/816/665 481/561/666 480/534/667
f 452/816/665 451/531/657 468/532/668 467/817/669
f 453/536/670 456/533/662 480/534/667 479/854/671
f 454/535/672 453/536/670 682/564/673 681/537/674
f 455/814/663 454/538/672 460/540/675 459/539/641
f 457/853/646 460/540/675 677/541/676 676/542/648
f 461/543/677 465/819/678 486/571/679 485/544/680
f 462/547/681 461/545/677 473/553/682 472/552/683
f 463/546/655 462/547/681 469/551/684 468/548/668
f 465/819/678 466/550/660 488/572/685 486/571/679
f 467/817/669 470/888/686 478/555/687 477/818/688
f 470/888/686 469/551/684 472/552/683 471/889/689
f 471/889/689 474/820/690 503/583/691 502/556/692
f 474/820/690 473/553/682 490/554/693 489/821/694
f 475/558/695 478/555/687 502/556/692 501/855/696
f 476/557/697 475/558/695 688/586/698 687/559/699
f 477/818/688 476/560/697 482/562/700 481/561/666
f 479/854/671 482/562/700 683/563/701 682/564/673
f 483/565/702 487/823/703 508/593/704 507/566/705
f 484/569/706 483/567/702 495/575/707 494/574/708
f 485/568/680 484/569/706 491/573/709 490/570/693
f 487/823/703 488/572/685 510/594/710 508/593/704
f 489/821/694 492/890/711 500/577/712 499/822/713
f 492/890/711 491/573/709 494/574/708 493/891/714
f 493/891/714 496/824/715 525/605/716 524/578/717
f 496/824/715 495/575/707 512/576/718 511/825/719
f 497/580/720 500/577/712 524/578/717 523/856/721
f 498/579/722 497/580/720 694/608/723 693/581/724
f 499/822/713 498/582/722 504/584/725 503/583/691
f 501/855/696 504/584/725 689/585/726 688/586/698
f 505/587/727 509/827/728 530/615/729 529/588/730
f 506/591/731 505/589/727 517/597/732 516/596/733
f 507/590/705 506/591/731 513/595/734 512/592/718
f 509/827/728 510/594/710 532/616/735 530/615/729
f 511/825/719 514/892/736 522/599/737 521/826/738
f 514/892/736 513/595/734 516/596/733 515/893/739
f 515/893/739 518/828/740 547/627/741 546/600/742
f 518/828/740 517/597/732 534/598/743 533/829/744
f 519/602/745 522/599/737 546/600/742 545/857/746
f 520/601/747 519/602/745 700/630/748 699/603/749
f 521/826/738 520/604/747 526/606/750 525/605/716
f 523/856/721 526/606/750 695/607/751 694/608/723
f 527/609/752 531/831/753 552/637/754 551/610/755
f 528/613/756 527/611/752 539/619/757 538/618/758
f 529/612/730 528/613/756 535/617/759 534/614/743
f 531/831/753 532/616/735 554/638/760 552/637/754
f 533/829/744 536/894/761 544/621/762 543/830/763
f 536/894/761 535/617/759 538/618/758 537/895/764
f 537/895/764 540/832/765 569/650/766 568/622/767
f 540/832/765 539/619/757 556/620/768 555/833/769
f 541/624/770 544/621/762 568/622/767 567/858/771
f 542/623/772 541/624/770 706/653/773 705/625/774
f 543/830/763 542/626/772 548/628/775 547/627/741
f 545/857/746 548/628/775 701/629/776 700/630/748
f 549/631/777 553/835/778 574/659/779 573/632/780
f 550/635/781 549/633/777 561/642/782 560/641/783
f 551/634/755 550/635/781 557/640/784 556/636/768
f 553/835/778 554/638/760 576/639/344 574/659/779
f 555/833/769 558/896/785 566/644/786 565/834/787
f 558/896/785 557/640/784 560/641/783 559/897/788
f 559/897/788 562/836/789 591/670/790 590/645/791
f 562/836/789 561/642/782 578/643/792 577/837/793
f 563/647/794 566/644/786 590/645/791 589/859/795
f 564/646/796 563/647/794 712/673/797 711/648/798
f 565/834/787 564/649/796 570/651/799 569/650/766
f 567/858/771 570/651/799 707/652/800 706/653/773
f 572/657/801 571/654/336 583/655/376 582/662/802
f 573/656/780 572/657/801 579/661/803 578/658/792
f 577/837/793 580/898/804 588/664/805 587/838/806
f 580/898/804 579/661/803 582/662/802 581/899/807
f 581/899/807 584/663/375 599/679/808 598/665/809
f 585/667/810 588/664/805 598/665/809 597/860/811
f 586/666/812 585/667/810 718/682/813 717/668/814
f 587/838/806 586/669/812 592/671/815 591/670/790
f 589/859/795 592/671/815 713/672/816 712/673/797
f 594/674/817 593/675/369 602/676/372 601/677/818
f 595/839/374 594/678/817 600/680/819 599/679/808
f 597/860/811 600/680/819 719/681/820 718/682/813
f 601/683/818 605/861/821 715/762/822 719/684/820
f 604/687/823 603/685/371 608/686/366 607/840/824
f 606/690/825 610/688/401 615/689/399 614/696/826
f 611/691/827 606/690/825 614/696/826 618/945/828
f 607/840/824 611/691/827 612/692/829 604/687/823
f 605/861/821 612/692/829 720/761/830 715/762/822
f 613/695/831 617/693/426 621/694/424 620/700/832
f 618/945/828 613/695/831 620/700/832 624/946/833
f 619/699/834 623/697/451 627/698/449 626/704/835
f 624/946/833 619/699/834 626/704/835 630/947/836
f 625/703/837 629/701/476 633/702/474 632/708/838
f 630/947/836 625/703/837 632/708/838 636/948/839
f 631/707/840 635/705/501 639/706/499 638/712/841
f 636/948/839 631/707/840 638/712/841 642/949/842
f 637/711/843 641/709/526 645/710/524 644/716/844
f 642/949/842 637/711/843 644/716/844 648/950/845
f 643/715/846 647/713/551 651/714/549 650/720/847
f 648/950/845 643/715/846 650/720/847 654/951/848
f 649/719/849 653/717/576 657/718/574 656/724/850
f 654/951/848 649/719/849 656/724/850 660/952/851
f 655/723/852 659/721/601 663/722/599 662/728/853
f 660/952/851 655/723/852 662/728/853 666/953/854
f 661/727/855 665/725/626 669/726/624 668/732/856
f 666/953/854 661/727/855 668/732/856 672/954/857
f 667/731/858 671/729/651 675/730/649 674/736/859
f 672/954/857 667/731/858 674/736/859 678/955/860
f 673/735/861 677/733/676 681/734/674 680/740/862
f 678/955/860 673/735/861 680/740/862 684/956/863
f 679/739/864 683/737/701 687/738/699 686/744/865
f 684/956/863 679/739/864 686/744/865 690/957/866
f 685/743/867 689/741/726 693/742/724 692/748/868
f 690/957/866 685/743/867 692/748/868 696/958/869
f 691/747/870 695/745/751 699/746/749 698/752/871
f 696/958/869 691/747/870 698/752/871 702/959/872
f 697/751/873 701/749/776 705/750/774 704/756/874
f 702/959/872 697/751/873 704/756/874 708/960/875
f 703/755/876 707/753/800 711/754/798 710/760/877
f 708/960/875 703/755/876 710/760/877 714/961/878
f 709/759/879 713/757/816 717/758/814 716/763/880
f 714/961/878 709/759/879 716/763/880 720/761/830
f 175/262/329 162/247/325 178/263/327
f 183/267/351 173/260/347 187/765/350 190/273/360
f 169/256/338 181/766/340 195/266/341
f 205/287/384 198/283/381 208/288/383
f 180/768/353 203/769/357 213/770/388 217/297/354
f 227/309/409 220/305/406 230/310/408
f 210/772/390 225/773/394 235/774/413 239/319/391
f 249/331/434 242/327/431 252/332/433
f 232/776/415 247/777/419 257/778/438 261/341/416
f 271/353/459 264/349/456 274/354/458
f 254/780/440 269/781/444 279/782/463 283/363/441
f 293/375/484 286/371/481 296/376/483
f 276/784/465 291/785/469 301/786/488 305/385/466
f 315/397/509 308/393/506 318/398/508
f 298/788/490 313/789/494 323/790/513 327/407/491
f 337/419/534 330/415/531 340/420/533
f 320/792/515 335/793/519 345/794/538 349/429/516
f 359/441/559 352/437/556 362/442/558
f 342/796/540 357/797/544 367/798/563 371/451/541
f 381/463/584 374/459/581 384/464/583
f 364/800/565 379/801/569 389/802/588 393/473/566
f 403/485/609 396/481/606 406/486/608
f 386/804/590 401/805/594 411/806/613 415/495/591
f 425/507/634 418/503/631 428/508/633
f 408/808/615 423/809/619 433/810/638 437/517/616
f 447/529/659 440/525/656 450/530/658
f 430/812/640 445/813/644 455/814/663 459/539/641
f 469/551/684 462/547/681 472/552/683
f 452/816/665 467/817/669 477/818/688 481/561/666
f 491/573/709 484/569/706 494/574/708
f 474/820/690 489/821/694 499/822/713 503/583/691
f 513/595/734 506/591/731 516/596/733
f 496/824/715 511/825/719 521/826/738 525/605/716
f 535/617/759 528/613/756 538/618/758
f 518/828/740 533/829/744 543/830/763 547/627/741
f 557/640/784 550/635/781 560/641/783
f 540/832/765 555/833/769 565/834/787 569/650/766
f 579/661/803 572/657/801 582/662/802
f 562/836/789 577/837/793 587/838/806 591/670/790
f 584/663/375 193/278/373 595/839/374 599/679/808
f 192/841/368 602/676/372 593/675/369
f 609/300/365 185/271/362 215/842/363
f 616/322/398 211/294/395 237/843/396
f 622/344/423 233/316/420 259/844/421
f 628/366/448 255/338/445 281/845/446
f 634/388/473 277/360/470 303/846/471
f 640/410/498 299/382/495 325/847/496
f 646/432/523 321/404/520 347/848/521
f 652/454/548 343/426/545 369/849/546
f 658/476/573 365/448/570 391/850/571
f 664/498/598 387/470/595 413/851/596
f 670/520/623 409/492/620 435/852/621
f 676/542/648 431/514/645 457/853/646
f 682/564/673 453/536/670 479/854/671
f 688/586/698 475/558/695 501/855/696
f 694/608/723 497/580/720 523/856/721
f 700/630/748 519/602/745 545/857/746
f 706/653/773 541/624/770 567/858/771
f 712/673/797 563/647/794 589/859/795
f 718/682/813 585/667/810 597/860/811
f 176/862/348 177/863/352 216/270/355 188/269/349
f 206/864/386 207/865/389 238/292/392 214/291/387
f 228/866/411 229/867/414 260/314/417 236/313/412
f 250/868/436 251/869/439 282/336/442 258/335/437
f 272/870/461 273/871/464 304/358/467 280/357/462
f 294/872/486 295/873/489 326/380/492 302/379/487
f 316/874/511 317/875/514 348/402/517 324/401/512
f 338/876/536 339/877/539 370/424/542 346/423/537
f 360/878/561 361/879/564 392/446/567 368/445/562
f 382/880/586 383/881/589 414/468/592 390/467/587
f 404/882/611 405/883/614 436/490/617 412/489/612
f 426/884/636 427/885/639 458/512/642 434/511/637
f 448/886/661 449/887/664 480/534/667 456/533/662
f 470/888/686 471/889/689 502/556/692 478/555/687
f 492/890/711 493/891/714 524/578/717 500/577/712
f 514/892/736 515/893/739 546/600/742 522/599/737
f 536/894/761 537/895/764 568/622/767 544/621/762
f 558/896/785 559/897/788 590/645/791 566/644/786
f 580/898/804 581/899/807 598/665/809 588/664/805
f 196/276/359 184/900/358 189/901/361 596/277/370
f 163/246/328 174/902/330 182/261/339 168/903/332
f 199/904/324 204/265/356 179/264/326 161/245/321
f 221/905/380 226/290/393 209/289/382 197/281/377
f 243/906/405 248/312/418 231/311/407 219/303/402
f 265/907/430 270/334/443 253/333/432 241/325/427
f 287/908/455 292/356/468 275/355/457 263/347/452
f 309/909/480 314/378/493 297/377/482 285/369/477
f 331/910/505 336/400/518 319/399/507 307/391/502
f 353/911/530 358/422/543 341/421/532 329/413/527
f 375/912/555 380/444/568 363/443/557 351/435/552
f 397/913/580 402/466/593 385/465/582 373/457/577
f 419/914/605 424/488/618 407/487/607 395/479/602
f 441/915/630 446/510/643 429/509/632 417/501/627
f 463/916/655 468/532/668 451/531/657 439/523/652
f 485/917/680 490/554/693 473/553/682 461/545/677
f 507/918/705 512/576/718 495/575/707 483/567/702
f 529/919/730 534/598/743 517/597/732 505/589/727
f 551/920/755 556/620/768 539/619/757 527/611/752
f 573/921/780 578/643/792 561/642/782 549/633/777
f 170/922/335 194/923/342 583/655/376 571/654/336
f 603/924/371 191/969/367 186/272/364 608/925/366
f 610/299/401 218/298/400 212/296/397 615/926/399
f 617/321/426 240/320/425 234/318/422 621/927/424
f 623/343/451 262/342/450 256/340/447 627/928/449
f 629/365/476 284/364/475 278/362/472 633/929/474
f 635/387/501 306/386/500 300/384/497 639/930/499
f 641/409/526 328/408/525 322/406/522 645/931/524
f 647/431/551 350/430/550 344/428/547 651/932/549
f 653/453/576 372/452/575 366/450/572 657/933/574
f 659/475/601 394/474/600 388/472/597 663/934/599
f 665/497/626 416/496/625 410/494/622 669/935/624
f 671/519/651 438/518/650 432/516/647 675/936/649
f 677/541/676 460/540/675 454/538/672 681/937/674
f 683/563/701 482/562/700 476/560/697 687/938/699
f 689/585/726 504/584/725 498/582/722 693/939/724
f 695/607/751 526/606/750 520/604/747 699/940/749
f 701/629/776 548/628/775 542/626/772 705/941/774
f 707/652/800 570/651/799 564/649/796 711/942/798
f 713/672/816 592/671/815 586/669/812 717/943/814
f 719/681/820 600/680/819 594/678/817 601/944/818
s off
f 722/1047/881 721/1048/882 723/1049/883 724/1050/884 725/1051/885 726/1052/886 727/1053/887 728/1054/888 729/1055/889 730/1056/890 731/1057/891 732/1058/892 733/1059/893 734/1060/894 735/1061/895 736/1062/896 737/1063/897 738/1064/898 739/1065/899 740/1066/900
s 1
f 612/692/829 611/691/827 618/945/828 624/946/833 630/947/836 636/948/839 642/949/842 648/950/845 654/951/848 660/952/851 666/953/854 672/954/857 678/955/860 684/956/863 690/957/866 696/958/869 702/959/872 708/960/875 714/961/878 720/761/830
f 161/962/321 162/963/325 163/248/328 164/249/331 165/767/322
f 166/252/334 167/764/333 168/964/332 169/965/338 170/966/335
f 171/258/343 167/764/333 166/252/334
f 165/767/322 164/249/331 172/259/345
f 173/260/347 174/902/330 175/262/329 176/862/348
f 177/863/352 178/263/327 179/264/326 180/768/353
f 181/967/340 182/261/339 183/267/351 184/968/358
f 185/271/362 186/272/364 187/765/350 188/269/349
f 189/268/361 190/273/360 191/969/367 192/970/368
f 193/278/373 194/257/342 195/266/341 196/276/359
f 197/971/377 198/972/381 199/244/324 200/285/323 201/771/378
f 201/771/378 200/285/323 202/286/346
f 203/769/357 204/284/356 205/287/384 206/864/386
f 207/865/389 208/288/383 209/289/382 210/772/390
f 211/294/395 212/296/397 213/770/388 214/291/387
f 215/842/363 216/270/355 217/297/354 218/298/400
f 219/973/402 220/974/406 221/280/380 222/307/379 223/775/403
f 223/775/403 222/307/379 224/308/385
f 225/773/394 226/306/393 227/309/409 228/866/411
f 229/867/414 230/310/408 231/311/407 232/776/415
f 233/316/420 234/318/422 235/774/413 236/313/412
f 237/843/396 238/292/392 239/319/391 240/320/425
f 241/975/427 242/976/431 243/302/405 244/329/404 245/779/428
f 245/779/428 244/329/404 246/330/410
f 247/777/419 248/328/418 249/331/434 250/868/436
f 251/869/439 252/332/433 253/333/432 254/780/440
f 255/338/445 256/340/447 257/778/438 258/335/437
f 259/844/421 260/314/417 261/341/416 262/342/450
f 263/977/452 264/978/456 265/324/430 266/351/429 267/783/453
f 267/783/453 266/351/429 268/352/435
f 269/781/444 270/350/443 271/353/459 272/870/461
f 273/871/464 274/354/458 275/355/457 276/784/465
f 277/360/470 278/362/472 279/782/463 280/357/462
f 281/845/446 282/336/442 283/363/441 284/364/475
f 285/979/477 286/980/481 287/346/455 288/373/454 289/787/478
f 289/787/478 288/373/454 290/374/460
f 291/785/469 292/372/468 293/375/484 294/872/486
f 295/873/489 296/376/483 297/377/482 298/788/490
f 299/382/495 300/384/497 301/786/488 302/379/487
f 303/846/471 304/358/467 305/385/466 306/386/500
f 307/981/502 308/982/506 309/368/480 310/395/479 311/791/503
f 311/791/503 310/395/479 312/396/485
f 313/789/494 314/394/493 315/397/509 316/874/511
f 317/875/514 318/398/508 319/399/507 320/792/515
f 321/404/520 322/406/522 323/790/513 324/401/512
f 325/847/496 326/380/492 327/407/491 328/408/525
f 329/983/527 330/984/531 331/390/505 332/417/504 333/795/528
f 333/795/528 332/417/504 334/418/510
f 335/793/519 336/416/518 337/419/534 338/876/536
f 339/877/539 340/420/533 341/421/532 342/796/540
f 343/426/545 344/428/547 345/794/538 346/423/537
f 347/848/521 348/402/517 349/429/516 350/430/550
f 351/985/552 352/986/556 353/412/530 354/439/529 355/799/553
f 355/799/553 354/439/529 356/440/535
f 357/797/544 358/438/543 359/441/559 360/878/561
f 361/879/564 362/442/558 363/443/557 364/800/565
f 365/448/570 366/450/572 367/798/563 368/445/562
f 369/849/546 370/424/542 371/451/541 372/452/575
f 373/987/577 374/988/581 375/434/555 376/461/554 377/803/578
f 377/803/578 376/461/554 378/462/560
f 379/801/569 380/460/568 381/463/584 382/880/586
f 383/881/589 384/464/583 385/465/582 386/804/590
f 387/470/595 388/472/597 389/802/588 390/467/587
f 391/850/571 392/446/567 393/473/566 394/474/600
f 395/989/602 396/990/606 397/456/580 398/483/579 399/807/603
f 399/807/603 398/483/579 400/484/585
f 401/805/594 402/482/593 403/485/609 404/882/611
f 405/883/614 406/486/608 407/487/607 408/808/615
f 409/492/620 410/494/622 411/806/613 412/489/612
f 413/851/596 414/468/592 415/495/591 416/496/625
f 417/991/627 418/992/631 419/478/605 420/505/604 421/811/628
f 421/811/628 420/505/604 422/506/610
f 423/809/619 424/504/618 425/507/634 426/884/636
f 427/885/639 428/508/633 429/509/632 430/812/640
f 431/514/645 432/516/647 433/810/638 434/511/637
f 435/852/621 436/490/617 437/517/616 438/518/650
f 439/993/652 440/994/656 441/500/630 442/527/629 443/815/653
f 443/815/653 442/527/629 444/528/635
f 445/813/644 446/526/643 447/529/659 448/886/661
f 449/887/664 450/530/658 451/531/657 452/816/665
f 453/536/670 454/538/672 455/814/663 456/533/662
f 457/853/646 458/512/642 459/539/641 460/540/675
f 461/995/677 462/996/681 463/522/655 464/549/654 465/819/678
f 465/819/678 464/549/654 466/550/660
f 467/817/669 468/548/668 469/551/684 470/888/686
f 471/889/689 472/552/683 473/553/682 474/820/690
f 475/558/695 476/560/697 477/818/688 478/555/687
f 479/854/671 480/534/667 481/561/666 482/562/700
f 483/997/702 484/998/706 485/544/680 486/571/679 487/823/703
f 487/823/703 486/571/679 488/572/685
f 489/821/694 490/570/693 491/573/709 492/890/711
f 493/891/714 494/574/708 495/575/707 496/824/715
f 497/580/720 498/582/722 499/822/713 500/577/712
f 501/855/696 502/556/692 503/583/691 504/584/725
f 505/999/727 506/1000/731 507/566/705 508/593/704 509/827/728
f 509/827/728 508/593/704 510/594/710
f 511/825/719 512/592/718 513/595/734 514/892/736
f 515/893/739 516/596/733 517/597/732 518/828/740
f 519/602/745 520/604/747 521/826/738 522/599/737
f 523/856/721 524/578/717 525/605/716 526/606/750
f 527/1001/752 528/1002/756 529/588/730 530/615/729 531/831/753
f 531/831/753 530/615/729 532/616/735
f 533/829/744 534/614/743 535/617/759 536/894/761
f 537/895/764 538/618/758 539/619/757 540/832/765
f 541/624/770 542/626/772 543/830/763 544/621/762
f 545/857/746 546/600/742 547/627/741 548/628/775
f 549/1003/777 550/1004/781 551/610/755 552/637/754 553/835/778
f 553/835/778 552/637/754 554/638/760
f 555/833/769 556/636/768 557/640/784 558/896/785
f 559/897/788 560/641/783 561/642/782 562/836/789
f 563/647/794 564/649/796 565/834/787 566/644/786
f 567/858/771 568/622/767 569/650/766 570/651/799
f 571/1005/336 572/1006/801 573/632/780 574/659/779 575/660/337
f 575/660/337 574/659/779 576/639/344
f 577/837/793 578/658/792 579/661/803 580/898/804
f 581/899/807 582/662/802 583/655/376 584/663/375
f 585/667/810 586/669/812 587/838/806 588/664/805
f 589/859/795 590/645/791 591/670/790 592/671/815
f 593/675/369 594/678/817 595/839/374 596/277/370
f 597/860/811 598/665/809 599/679/808 600/680/819
f 601/1007/818 602/1008/372 603/685/371 604/687/823 605/861/821
f 606/690/825 607/840/824 608/686/366 609/1009/365 610/1010/401
f 611/691/827 607/840/824 606/690/825
f 605/861/821 604/687/823 612/692/829
f 613/695/831 614/696/826 615/689/399 616/1011/398 617/1012/426
f 618/945/828 614/696/826 613/695/831
f 619/699/834 620/700/832 621/694/424 622/1013/423 623/1014/451
f 624/946/833 620/700/832 619/699/834
f 625/703/837 626/704/835 627/698/449 628/1015/448 629/1016/476
f 630/947/836 626/704/835 625/703/837
f 631/707/840 632/708/838 633/702/474 634/1017/473 635/1018/501
f 636/948/839 632/708/838 631/707/840
f 637/711/843 638/712/841 639/706/499 640/1019/498 641/1020/526
f 642/949/842 638/712/841 637/711/843
f 643/715/846 644/716/844 645/710/524 646/1021/523 647/1022/551
f 648/950/845 644/716/844 643/715/846
f 649/719/849 650/720/847 651/714/549 652/1023/548 653/1024/576
f 654/951/848 650/720/847 649/719/849
f 655/723/852 656/724/850 657/718/574 658/1025/573 659/1026/601
f 660/952/851 656/724/850 655/723/852
f 661/727/855 662/728/853 663/722/599 664/1027/598 665/1028/626
f 666/953/854 662/728/853 661/727/855
f 667/731/858 668/732/856 669/726/624 670/1029/623 671/1030/651
f 672/954/857 668/732/856 667/731/858
f 673/735/861 674/736/859 675/730/649 676/1031/648 677/1032/676
f 678/955/860 674/736/859 673/735/861
f 679/739/864 680/740/862 681/734/674 682/1033/673 683/1034/701
f 684/956/863 680/740/862 679/739/864
f 685/743/867 686/744/865 687/738/699 688/1035/698 689/1036/726
f 690/957/866 686/744/865 685/743/867
f 691/747/870 692/748/868 693/742/724 694/1037/723 695/1038/751
f 696/958/869 692/748/868 691/747/870
f 697/751/873 698/752/871 699/746/749 700/1039/748 701/1040/776
f 702/959/872 698/752/871 697/751/873
f 703/755/876 704/756/874 705/750/774 706/1041/773 707/1042/800
f 708/960/875 704/756/874 703/755/876
f 709/759/879 710/760/877 711/754/798 712/1043/797 713/1044/816
f 714/961/878 710/760/877 709/759/879
f 715/762/822 716/763/880 717/758/814 718/1045/813 719/1046/820
f 720/761/830 716/763/880 715/762/822
s 2
f 576/639/901 554/638/902 721/1048/903 722/1047/904
f 554/638/902 532/616/905 723/1049/906 721/1048/903
f 532/616/905 510/594/907 724/1050/908 723/1049/906
f 510/594/907 488/572/909 725/1051/910 724/1050/908
f 488/572/909 466/550/911 726/1052/912 725/1051/910
f 466/550/911 444/528/913 727/1053/914 726/1052/912
f 444/528/913 422/506/915 728/1054/916 727/1053/914
f 422/506/915 400/484/917 729/1055/918 728/1054/916
f 400/484/917 378/462/919 730/1056/920 729/1055/918
f 378/462/919 356/440/921 731/1057/922 730/1056/920
f 356/440/921 334/418/923 732/1058/924 731/1057/922
f 334/418/923 312/396/925 733/1059/926 732/1058/924
f 312/396/925 290/374/927 734/1060/928 733/1059/926
f 290/374/927 268/352/929 735/1061/930 734/1060/928
f 268/352/929 246/330/931 736/1062/932 735/1061/930
f 246/330/931 224/308/933 737/1063/934 736/1062/932
f 224/308/933 202/286/935 738/1064/936 737/1063/934
f 202/286/935 172/259/937 739/1065/938 738/1064/936
f 172/259/937 171/258/939 740/1066/940 739/1065/938
f 171/258/939 576/639/901 722/1047/904 740/1066/940
